delivery_id,distance_km,driver_active_orders,weather,pickup_hour,item_count,customer_tier,promised_minutes,delay_minutes,was_late
D101167,35.6,0,clear,14,4,standard,99,2,0
D101887,22.5,9,storm,13,2,standard,68,3,0
D100570,8.7,9,clear,13,7,standard,45,10,0
D100494,15.9,3,rain,4,5,standard,57,11,0
D101913,18.0,8,rain,20,8,standard,67,60,1
D101751,27.2,0,clear,15,5,premium,82,13,0
D100558,10.9,5,storm,14,8,standard,51,3,0
D100280,4.5,10,clear,6,4,standard,31,6,0
D101371,4.4,10,rain,6,3,standard,29,12,0
D101912,5.4,1,clear,10,5,standard,34,2,0
D100563,7.6,10,clear,1,4,standard,38,11,0
D101779,9.7,10,clear,6,1,standard,38,2,0
D100781,11.7,0,clear,15,3,standard,45,8,0
D100278,10.1,0,clear,21,5,premium,45,12,0
D101775,17.1,10,clear,19,7,standard,63,46,1
D100819,7.1,10,clear,3,2,standard,34,5,0
D101986,8.5,10,clear,1,7,premium,44,3,0
D101687,6.4,4,clear,15,6,standard,38,2,0
D100675,14.6,5,rain,4,7,standard,58,14,0
D101568,19.7,2,clear,15,7,standard,69,0,0
D100945,23.8,7,clear,12,2,standard,70,62,1
D101513,12.7,2,storm,8,8,standard,55,11,0
D100998,6.9,3,clear,4,7,standard,41,10,0
D101420,13.1,0,clear,4,6,standard,53,7,0
D101943,21.9,7,clear,17,8,standard,75,12,0
D101454,7.9,9,storm,5,6,premium,41,26,1
D101804,4.7,9,clear,3,1,premium,27,8,0
D101677,20.9,4,clear,8,4,standard,67,11,0
D101134,12.3,7,rain,3,2,standard,45,8,0
D101006,5.9,8,clear,11,5,standard,35,12,0
D100101,24.6,5,clear,13,8,standard,81,11,0
D101351,19.2,7,clear,7,2,standard,60,2,0
D100978,21.8,8,clear,16,6,standard,72,1,0
D101091,4.0,9,clear,7,2,standard,27,12,0
D101163,7.3,7,clear,7,1,standard,33,33,1
D100275,4.1,0,clear,7,7,standard,35,3,0
D100239,12.0,6,rain,8,6,standard,50,11,0
D101865,9.3,6,clear,2,6,standard,44,6,0
D101577,22.9,3,clear,18,3,premium,70,3,0
D100619,9.4,2,clear,1,1,standard,37,7,0
D101734,8.3,4,clear,2,7,standard,44,3,0
D101549,19.7,6,clear,16,7,standard,69,2,0
D100268,12.7,1,clear,10,6,premium,52,7,0
D100724,24.4,9,clear,14,7,standard,79,58,1
D101546,12.6,5,clear,2,4,standard,49,14,0
D101247,12.4,6,clear,2,8,standard,54,61,1
D100694,2.2,10,rain,18,3,premium,24,8,0
D100241,6.3,8,clear,5,4,standard,35,10,0
D100834,8.3,4,clear,6,1,standard,35,2,0
D100538,4.3,0,clear,9,5,standard,32,4,0
D101304,14.6,1,clear,6,8,standard,59,0,0
D100606,10.1,10,rain,2,6,standard,46,2,0
D101888,1.9,5,clear,16,5,standard,27,3,0
D101993,15.3,9,rain,8,3,standard,53,7,0
D100123,3.3,1,clear,23,6,standard,31,10,0
D101624,9.7,7,rain,14,6,standard,45,8,0
D100232,14.3,7,storm,5,5,standard,54,101,1
D100199,19.9,4,clear,2,7,standard,69,14,0
D101595,10.1,2,clear,0,1,standard,39,2,0
D101330,10.8,6,clear,1,2,standard,42,10,0
D100004,8.8,3,clear,21,8,premium,46,9,0
D101333,5.7,3,clear,13,7,standard,38,5,0
D100236,3.6,8,clear,20,5,premium,30,60,1
D100145,16.7,1,clear,22,1,premium,53,3,0
D100470,8.0,0,clear,20,4,standard,39,5,0
D101745,18.8,10,clear,19,6,standard,65,5,0
D101031,9.5,5,storm,5,5,standard,43,0,0
D100763,3.9,2,clear,16,4,standard,30,7,0
D100728,12.3,10,clear,8,1,standard,44,69,1
D101800,4.8,3,clear,7,3,standard,30,7,0
D101778,6.4,7,clear,21,7,standard,40,19,1
D101346,34.6,4,rain,8,3,premium,96,10,0
D101807,18.8,6,clear,14,1,premium,58,10,0
D101196,8.6,2,clear,9,7,standard,44,0,0
D100488,14.3,7,clear,11,1,standard,48,12,0
D100794,14.6,2,clear,21,5,standard,55,13,0
D100852,19.9,5,clear,17,8,standard,71,1,0
D101964,10.3,10,clear,11,4,premium,44,83,1
D100611,4.5,2,clear,22,8,premium,37,3,0
D101191,10.0,3,rain,21,3,standard,42,0,0
D101870,7.3,7,clear,17,7,standard,42,4,0
D100071,5.3,8,clear,14,3,standard,31,2,0
D101655,9.6,9,clear,16,5,standard,44,6,0
D101210,23.5,3,clear,17,3,standard,71,4,0
D100807,6.2,0,clear,22,8,standard,41,0,0
D100468,21.5,6,rain,1,2,standard,65,3,0
D100445,6.5,9,clear,22,3,premium,34,12,0
D100651,11.5,1,clear,16,1,standard,42,5,0
D100456,11.9,10,clear,14,8,premium,53,0,0
D101935,10.9,0,clear,12,1,standard,40,5,0
D101632,23.9,9,clear,8,5,standard,75,7,0
D100526,5.9,2,clear,16,4,premium,34,14,0
D101291,9.5,0,clear,21,6,standard,45,13,0
D101483,28.6,9,clear,4,8,standard,90,71,1
D101879,6.7,5,rain,10,1,standard,31,11,0
D101453,,5,clear,7,6,standard,49,3,0
D101451,5.1,10,rain,11,2,standard,29,9,0
D101839,2.2,3,clear,19,8,standard,32,8,0
D100911,8.1,3,clear,18,2,standard,36,8,0
D101496,16.1,6,clear,19,2,premium,53,8,0
D100598,18.0,5,clear,2,6,standard,64,11,0
D100765,19.8,3,clear,18,3,standard,63,10,0
D100112,7.9,5,clear,12,2,standard,35,7,0
D101526,32.9,8,clear,14,4,standard,93,13,0
D101991,18.6,5,clear,20,3,standard,60,9,0
D101845,5.7,6,storm,11,5,standard,35,6,0
D100921,19.9,4,clear,3,8,standard,71,9,0
D100540,12.8,0,clear,4,3,standard,48,9,0
D101364,6.3,0,storm,2,7,standard,39,4,0
D101383,7.8,4,rain,3,5,premium,40,11,0
D101505,9.8,9,storm,11,4,premium,43,13,0
D100083,12.1,5,storm,10,1,standard,43,5,0
D100999,14.1,10,rain,0,8,standard,58,79,1
D100372,7.8,4,clear,16,4,standard,38,0,0
D101696,3.3,10,clear,0,6,standard,31,3,0
D101753,6.8,0,clear,4,8,premium,42,13,0
D101298,16.2,4,rain,21,4,standard,57,64,1
D100853,20.1,3,clear,15,5,standard,67,6,0
D101228,14.8,9,clear,9,5,standard,55,12,0
D100356,4.0,6,clear,16,2,premium,27,14,0
D100484,11.2,0,clear,23,7,premium,50,10,0
D100871,27.4,10,clear,15,2,standard,78,11,0
D101662,13.0,2,rain,16,8,standard,56,5,0
D101094,23.7,1,rain,10,8,standard,79,14,0
D100571,37.0,9,clear,10,2,standard,99,11,0
D101254,9.6,0,clear,8,3,standard,41,8,0
D100323,13.1,4,clear,8,1,standard,45,12,0
D101268,6.0,8,clear,18,6,standard,37,13,0
D100575,6.6,1,clear,21,1,standard,31,5,0
D100045,20.1,2,clear,5,5,standard,67,9,0
D101786,-12.5,5,clear,4,8,standard,54,3,0
D101236,7.3,0,storm,12,2,standard,34,3,0
D101724,11.0,0,rain,2,3,standard,44,2,0
D101833,9.4,6,clear,17,3,standard,40,10,0
D100263,8.5,3,rain,6,7,standard,44,4,0
D101148,7.5,5,clear,21,1,standard,33,11,0
D100137,14.3,10,storm,9,5,standard,54,18,1
D100503,7.9,2,clear,15,5,standard,40,10,0
D101438,8.9,0,clear,8,3,standard,39,5,0
D101209,12.5,10,clear,7,1,standard,44,5,0
D101415,10.3,8,,16,6,standard,47,5,0
D101966,4.7,6,rain,8,7,standard,36,2,0
D100270,6.5,7,storm,9,5,standard,37,8,0
D100856,12.8,0,clear,22,8,premium,55,0,0
D100401,22.0,8,clear,19,5,premium,71,10,0
D101140,17.3,6,clear,10,8,standard,65,3,0
D101856,25.2,2,rain,3,2,standard,73,11,0
D101667,12.1,0,clear,18,8,standard,54,12,0
D100928,13.2,8,rain,12,3,standard,49,14,0
D100426,,1,clear,16,4,standard,68,4,0
D100862,7.4,5,clear,9,8,standard,43,8,0
D101459,5.8,4,clear,4,3,standard,32,12,0
D101328,,7,clear,10,7,standard,38,14,0
D100180,14.4,4,clear,2,8,standard,59,7,0
D101628,13.4,7,clear,4,1,premium,46,3,0
D100981,5.7,4,rain,5,3,standard,32,0,0
D100455,13.6,9,rain,4,2,standard,48,91,1
D101851,6.7,5,clear,11,8,standard,42,0,0
D101891,7.9,1,clear,23,1,standard,34,4,0
D101703,11.7,3,clear,15,3,standard,45,9,0
D100840,9.2,0,clear,11,6,premium,44,3,0
D100481,16.6,8,clear,23,7,standard,62,3,0
D101646,3.2,1,rain,17,3,standard,27,5,0
D101965,13.0,6,clear,0,8,standard,56,3,0
D100459,12.7,5,clear,0,3,standard,47,10,0
D101976,14.3,6,clear,14,6,standard,55,8,0
D101303,14.3,6,clear,18,4,standard,52,4,0
D101710,2.5,0,rain,18,6,premium,30,3,0
D100994,13.4,6,clear,10,5,standard,52,0,0
D100627,8.8,4,clear,8,1,standard,36,7,0
D101042,30.8,9,clear,10,8,premium,95,107,1
D100365,14.1,5,clear,23,8,premium,58,0,0
D100076,9.8,8,clear,10,2,premium,40,0,0
D100230,4.5,4,rain,7,2,standard,28,6,0
D100231,7.5,4,clear,3,1,standard,33,6,0
D100370,28.8,0,clear,18,1,standard,80,4,0
D101066,22.5,6,clear,14,1,standard,66,10,0
D100552,17.3,0,clear,2,2,premium,56,3,0
D100671,5.3,10,clear,5,2,standard,30,1,0
D101817,11.8,0,rain,10,4,standard,47,10,0
D101207,9.8,3,clear,13,6,standard,46,3,0
D101184,17.4,10,clear,14,3,standard,58,8,0
D101068,13.6,4,rain,17,6,standard,54,10,0
D101195,4.1,4,clear,23,1,standard,26,6,0
D100613,7.8,1,rain,11,6,standard,41,6,0
D100663,10.3,4,clear,19,4,premium,44,8,0
D100985,,7,clear,12,5,standard,40,78,1
D101535,6.6,6,rain,18,8,standard,42,4,0
D100844,9.2,3,clear,3,1,standard,37,13,0
D101689,12.5,8,clear,16,3,standard,47,5,0
D101003,16.5,9,clear,12,2,premium,54,10,0
D101320,21.8,10,clear,23,5,standard,70,44,1
D100294,20.3,1,clear,6,8,premium,72,3,0
D100614,13.6,9,clear,20,3,standard,49,7,0
D100929,8.7,1,clear,16,5,standard,42,6,0
D100332,10.9,0,storm,15,8,standard,51,13,0
D101942,28.7,3,clear,18,2,premium,81,11,0
D100052,15.2,6,rain,20,1,standard,50,4,0
D101216,13.5,7,clear,17,5,premium,52,11,0
D101272,7.4,9,clear,15,6,standard,40,0,0
D101787,14.9,10,storm,13,3,premium,52,32,1
D100157,7.0,6,storm,4,2,standard,33,7,0
D101834,15.3,0,clear,17,7,standard,59,3,0
D101108,3.1,6,clear,10,3,standard,26,2,0
D100065,4.4,8,rain,7,7,premium,35,3,0
D101903,12.3,9,rain,21,4,premium,48,10,0
D101932,14.8,5,storm,1,7,premium,58,8,0
D101822,2.0,3,clear,8,1,standard,21,12,0
D100529,18.6,2,clear,18,3,standard,60,13,0
D100799,11.4,9,clear,8,8,standard,52,11,0
D100142,11.6,7,clear,18,5,standard,48,12,0
D100784,29.2,7,clear,7,5,standard,87,2,0
D101820,20.9,2,clear,13,6,standard,70,2,0
D101980,17.1,2,rain,12,7,standard,63,5,0
D101772,3.0,3,clear,17,8,premium,34,50,1
D101193,18.7,7,clear,20,6,standard,65,63,1
D100665,17.1,4,clear,17,6,standard,62,10,0
D100735,15.5,7,storm,21,8,standard,61,114,1
D101480,20.1,4,clear,2,8,premium,71,7,0
D101263,14.0,5,clear,16,4,standard,52,12,0
D100736,6.2,4,clear,12,3,standard,33,5,0
D101591,13.2,0,clear,22,8,premium,56,7,0
D100885,7.5,3,clear,15,3,standard,36,8,0
D100114,7.3,7,clear,18,6,standard,40,10,0
D100633,17.5,3,clear,6,7,standard,64,5,0
D101989,4.9,9,rain,8,8,premium,38,5,0
D101413,7.3,7,clear,12,1,standard,33,6,0
D101637,22.9,7,clear,1,4,standard,71,3,0
D101911,5.4,9,clear,4,7,standard,37,12,0
D100344,6.2,0,clear,2,1,standard,30,4,0
D101528,12.2,3,clear,21,5,premium,49,2,0
D101712,8.0,2,clear,21,8,standard,45,7,0
D101290,19.0,7,clear,2,1,standard,58,1,0
D100515,9.7,9,clear,18,8,standard,48,21,1
D100385,7.9,2,clear,11,8,standard,44,12,0
D100814,6.7,7,rain,5,3,standard,34,12,0
D100176,11.4,8,rain,22,3,standard,45,12,0
D100117,11.1,1,clear,7,1,standard,41,14,0
D101581,8.8,0,clear,5,4,standard,40,5,0
D100823,13.0,0,clear,15,8,standard,56,14,0
D100792,33.3,6,clear,9,1,standard,90,8,0
D101666,11.0,8,clear,19,3,premium,44,110,1
D101118,7.2,10,rain,22,4,standard,37,26,1
D101658,10.6,6,clear,13,2,premium,41,1,0
D101456,7.7,7,clear,15,4,standard,38,11,0
D100448,20.9,10,storm,8,7,standard,71,91,1
D100643,25.0,7,clear,11,8,standard,82,10,0
D100625,9.0,10,clear,1,4,premium,41,44,1
D100226,6.8,2,clear,20,4,premium,36,5,0
D101764,20.3,2,clear,9,7,standard,70,3,0
D101539,19.6,7,clear,12,8,premium,70,5,0
D101203,,8,rain,12,2,standard,46,14,0
D100452,,4,rain,7,8,standard,38,100,1
D100715,13.6,7,clear,21,6,premium,54,12,0
D100161,6.4,0,clear,9,6,standard,38,12,0
D100501,31.1,7,clear,17,3,standard,88,9,0
D100143,8.4,6,clear,18,8,standard,45,39,1
D101322,24.5,0,rain,23,4,standard,75,10,0
D101460,19.0,8,rain,2,1,standard,58,3,0
D101406,12.7,5,clear,9,7,standard,53,7,0
D100068,6.5,9,clear,1,1,standard,31,0,0
D101419,17.3,3,clear,11,4,standard,59,9,0
D100119,17.3,0,clear,13,3,standard,58,6,0
D100472,8.8,8,storm,9,7,standard,45,39,1
D100069,8.5,3,rain,17,6,standard,43,2,0
D100082,-17.2,10,storm,21,5,standard,60,3,0
D101716,2.8,1,clear,2,4,premium,27,4,0
D101688,7.6,6,rain,14,2,standard,35,12,0
D101874,3.3,5,storm,8,3,standard,27,8,0
D100586,,8,storm,22,8,standard,40,71,1
D101727,9.9,8,storm,4,3,standard,41,57,1
D100093,8.4,0,clear,8,3,standard,38,7,0
D101026,11.5,6,rain,12,4,premium,46,31,1
D100711,24.3,3,clear,21,8,standard,80,0,0
D101583,10.2,2,clear,2,1,standard,39,3,0
D101494,31.0,2,clear,3,5,premium,91,7,0
D101857,35.1,6,clear,7,4,premium,98,10,0
D101165,24.4,9,storm,21,5,standard,76,53,1
D101705,14.2,1,clear,2,4,premium,52,4,0
D100997,12.4,6,rain,14,4,standard,48,13,0
D100246,6.1,8,clear,12,6,standard,37,0,0
D100154,9.3,9,clear,10,2,standard,38,0,0
D100284,4.6,10,clear,23,5,standard,33,83,1
D100599,13.1,9,clear,1,4,standard,50,7,0
D101431,21.8,3,clear,11,5,standard,70,3,0
D100003,12.1,3,storm,6,8,premium,54,14,0
D101221,7.3,4,rain,11,5,standard,39,13,0
D101224,4.0,5,clear,11,4,standard,30,9,0
D101554,,10,clear,5,2,standard,44,96,1
D101962,7.8,4,clear,8,5,standard,40,1,0
D100240,6.2,0,rain,19,5,premium,36,0,0
D100002,9.0,9,rain,22,8,premium,47,11,0
D100316,4.5,3,clear,9,8,standard,37,11,0
D100691,21.9,0,clear,10,2,standard,66,2,0
D101131,21.4,2,clear,12,2,premium,65,2,0
D100756,6.9,1,clear,8,3,premium,35,0,0
D100037,9.4,8,clear,12,2,standard,39,14,0
D100916,5.5,10,,1,1,standard,29,7,0
D101975,19.3,9,,8,2,standard,60,110,1
D101139,7.9,1,rain,16,1,standard,34,6,0
D100681,13.8,0,,4,7,standard,56,13,0
D101233,15.9,3,rain,19,3,premium,54,14,0
D100418,4.7,6,rain,7,8,standard,37,50,1
D100465,6.0,3,clear,6,8,premium,40,5,0
D100271,8.4,0,clear,22,7,standard,44,7,0
D100277,14.4,0,clear,20,3,standard,51,10,0
D100305,15.6,5,rain,18,6,standard,58,2,0
D100352,16.8,0,rain,6,3,standard,56,14,0
D101699,12.4,9,clear,21,3,premium,47,4,0
D100355,16.8,0,clear,12,4,standard,58,2,0
D101570,9.2,5,rain,8,3,premium,40,14,0
D100851,7.3,3,clear,23,5,standard,39,12,0
D100581,6.7,9,clear,9,1,standard,31,14,0
D100505,12.0,8,clear,11,8,standard,53,2,0
D101353,7.0,8,clear,19,6,premium,39,9,0
D101717,10.4,3,clear,23,1,standard,39,13,0
D100085,10.8,8,clear,13,7,standard,49,6,0
D100877,7.9,8,rain,7,4,premium,38,5,0
D100951,6.8,9,storm,9,2,standard,33,37,1
D101650,6.5,5,clear,9,4,standard,35,12,0
D101782,,10,rain,19,5,standard,33,58,1
D101906,20.5,7,rain,0,5,standard,68,11,0
D100288,11.0,5,clear,23,1,standard,41,5,0
D100956,33.3,7,rain,16,6,standard,97,13,0
D101949,18.1,3,rain,23,7,standard,65,0,0
D101930,8.7,0,clear,0,1,standard,36,14,0
D101512,,3,clear,9,3,standard,43,10,0
D100007,11.5,3,clear,11,8,standard,52,7,0
D101950,13.6,3,clear,8,1,standard,46,6,0
D100966,11.0,5,rain,20,8,standard,51,12,0
D101266,20.8,7,storm,10,2,standard,64,7,0
D100768,24.8,6,rain,2,7,standard,80,12,0
D101367,8.6,4,clear,0,1,premium,35,5,0
D101552,17.0,4,clear,2,6,standard,61,7,0
D101617,6.8,2,clear,22,8,standard,42,12,0
D100810,12.5,8,clear,21,3,premium,47,12,0
D101312,5.6,5,clear,20,5,standard,35,5,0
D100376,6.0,6,rain,20,6,standard,37,44,1
D101927,5.0,9,storm,13,5,standard,34,9,0
D100215,5.3,3,clear,15,7,standard,37,5,0
D101305,18.1,2,clear,1,8,standard,67,14,0
D101576,12.0,6,storm,12,7,standard,52,2,0
D101509,11.8,2,clear,21,3,premium,45,14,0
D100391,8.0,4,clear,0,3,standard,37,13,0
D100502,28.0,1,clear,17,6,premium,86,10,0
D101487,13.5,7,storm,3,7,standard,55,51,1
D100690,5.9,10,clear,0,6,premium,37,9,0
D100447,12.9,7,clear,16,4,standard,49,101,1
D100551,10.3,0,clear,13,7,standard,48,14,0
D101819,7.7,6,clear,23,1,premium,33,13,0
D100524,5.0,1,storm,21,2,premium,29,9,0
D101866,7.2,2,rain,23,8,premium,43,14,0
D100061,,3,clear,2,8,premium,58,13,0
D100181,4.9,2,clear,23,3,standard,30,10,0
D100084,14.9,1,rain,15,3,standard,52,8,0
D101377,7.9,6,clear,9,5,premium,40,13,0
D101613,5.5,5,rain,4,5,standard,35,13,0
D100917,10.5,6,clear,6,2,premium,41,14,0
D101210,23.5,3,clear,17,3,standard,71,4,0
D100909,5.7,3,clear,18,8,premium,40,1,0
D101394,10.0,5,clear,0,3,standard,42,10,0
D100197,,0,rain,2,8,premium,43,10,0
D100248,4.5,0,clear,20,7,standard,35,6,0
D100354,10.4,4,clear,11,1,standard,39,7,0
D101928,10.4,5,clear,1,3,standard,42,12,0
D100173,8.7,9,clear,23,2,standard,37,2,0
D100411,11.4,4,clear,16,5,premium,48,3,0
D100771,6.7,9,clear,13,8,standard,42,6,0
D101545,17.1,7,clear,9,3,premium,57,3,0
D100821,8.6,2,rain,11,4,standard,40,3,0
D100080,4.7,2,clear,17,4,standard,31,7,0
D101229,19.0,10,clear,6,4,standard,63,13,0
D101884,9.2,3,clear,15,8,standard,47,2,0
D100601,8.3,9,clear,19,4,standard,39,4,0
D100886,12.4,8,clear,10,2,standard,45,10,0
D100608,4.6,4,clear,10,5,standard,33,12,0
D101153,3.5,2,clear,23,6,standard,32,6,0
D101720,,9,clear,7,6,standard,77,39,1
D101908,18.9,10,clear,13,3,standard,61,4,0
D101281,26.0,7,clear,19,5,standard,80,10,0
D100066,24.1,1,clear,5,5,standard,76,7,0
D100492,10.8,2,clear,20,3,standard,43,11,0
D101542,15.1,10,storm,17,5,standard,56,66,1
D100155,10.3,3,clear,13,7,standard,48,9,0
D101092,7.4,5,clear,13,4,standard,37,5,0
D101308,11.9,8,rain,4,8,standard,53,7,0
D101690,11.6,7,clear,0,4,standard,47,5,0
D101639,4.9,2,clear,20,3,standard,30,7,0
D101771,13.2,0,clear,18,8,standard,56,1,0
D101670,6.1,0,clear,12,8,standard,40,8,0
D101656,8.9,9,clear,4,4,standard,41,74,1
D100560,23.0,2,rain,20,7,standard,76,100,1
D100770,9.0,7,clear,5,5,premium,42,14,0
D100368,8.5,10,rain,6,4,premium,40,110,1
D101260,17.0,2,clear,8,5,standard,60,11,0
D100580,7.2,7,clear,16,1,standard,32,10,0
D101299,5.5,10,clear,2,4,standard,33,10,0
D100659,13.2,2,clear,15,3,standard,49,11,0
D101596,4.7,10,clear,4,8,standard,37,13,0
D100914,9.1,10,rain,13,6,standard,44,13,0
D101604,18.7,2,clear,17,8,premium,68,2,0
D100803,8.6,2,clear,9,7,standard,44,5,0
D100361,30.5,6,clear,7,6,standard,91,14,0
D101386,10.2,5,clear,18,1,standard,39,13,0
D101560,10.3,10,clear,7,7,standard,48,14,0
D101485,9.5,4,rain,13,7,premium,46,7,0
D101818,7.9,5,clear,1,7,standard,43,4,0
D101756,7.6,8,clear,13,3,standard,36,4,0
D101516,10.8,9,clear,0,4,standard,45,6,0
D100333,12.4,10,storm,19,4,standard,48,63,1
D100738,17.4,6,clear,4,2,standard,56,2,0
D101739,5.3,3,clear,14,7,standard,37,2,0
D101202,9.0,7,clear,15,2,standard,38,7,0
D100156,4.3,5,storm,21,8,standard,36,55,1
D101858,13.0,10,clear,7,5,standard,51,14,0
D100458,18.7,4,clear,1,5,premium,64,10,0
D101537,11.7,7,storm,12,7,premium,51,10,0
D100532,2.7,10,clear,15,8,standard,33,4,0
D101701,16.6,6,clear,12,3,standard,56,1,0
D100464,21.5,6,clear,10,5,standard,70,12,0
D101452,14.1,4,rain,20,3,standard,51,3,0
D100787,7.8,2,clear,19,3,premium,37,2,0
D100141,21.5,3,storm,8,7,standard,73,30,1
D100346,11.0,8,storm,20,5,standard,47,80,1
D100476,21.6,8,clear,12,8,standard,75,9,0
D101158,21.5,1,clear,7,7,standard,73,9,0
D101541,10.7,2,clear,9,2,standard,42,9,0
D101466,13.8,7,clear,18,6,premium,54,5,0
D100335,4.8,5,rain,13,6,standard,35,11,0
D101758,4.5,2,clear,20,6,standard,34,4,0
D100369,4.0,5,rain,14,3,standard,28,12,0
D101250,12.7,2,clear,23,7,standard,53,5,0
D100696,6.8,0,rain,11,4,premium,36,2,0
D100014,12.7,3,storm,15,1,standard,44,8,0
D101146,23.0,10,clear,7,3,standard,70,10,0
D100334,7.1,4,clear,22,1,standard,32,7,0
D101388,22.4,7,clear,19,4,standard,70,3,0
D101422,7.9,5,clear,14,8,standard,44,1,0
D101212,12.8,4,storm,20,3,standard,48,61,1
D101699,12.4,9,clear,21,3,premium,47,4,0
D101061,21.2,2,storm,15,1,standard,63,20,1
D101767,17.0,8,clear,6,3,standard,57,3,0
D101230,8.2,3,rain,16,1,standard,35,5,0
D100400,16.3,2,clear,23,3,premium,55,6,0
D100204,9.4,3,clear,2,2,premium,39,8,0
D101500,17.0,4,clear,21,1,standard,54,12,0
D100745,9.3,9,clear,10,3,standard,40,11,0
D100861,11.0,5,clear,19,8,premium,51,2,0
D100336,7.4,0,clear,7,7,standard,42,10,0
D100006,12.4,7,clear,0,3,standard,47,2,0
D101495,4.0,8,clear,5,7,standard,34,92,1
D100662,28.4,9,clear,16,8,premium,89,8,0
D100308,17.7,5,clear,0,1,standard,55,11,0
D101777,8.1,0,clear,2,3,standard,37,13,0
D100431,21.7,1,clear,18,5,standard,70,5,0
D101580,15.1,3,clear,12,2,standard,51,7,0
D101642,13.6,8,clear,9,4,standard,51,115,1
D101084,7.3,8,rain,1,6,standard,40,14,0
D101124,17.4,5,clear,2,6,premium,62,4,0
D100652,4.0,7,clear,21,3,standard,28,5,0
D100287,27.6,10,storm,21,6,standard,85,79,1
D101116,7.6,7,clear,21,8,standard,44,0,0
D101448,5.9,3,clear,15,3,premium,32,1,0
D101475,14.2,10,clear,11,6,standard,55,12,0
D101433,6.5,10,clear,23,2,standard,32,5,0
D100259,6.2,2,storm,13,1,standard,30,14,0
D100786,16.6,10,clear,15,4,standard,58,11,0
D101051,12.2,8,rain,6,8,premium,54,3,0
D101510,17.1,1,clear,10,6,standard,62,2,0
D101625,15.1,8,clear,7,6,standard,57,4,0
D100363,5.6,9,clear,12,5,standard,35,13,0
D101563,37.4,10,clear,7,5,standard,105,11,0
D101940,26.5,4,clear,20,4,standard,79,7,0
D101437,17.0,9,clear,21,8,standard,64,5,0
D100301,9.6,0,storm,16,6,standard,45,12,0
D100398,16.9,10,clear,8,4,standard,58,92,1
D100941,2.5,3,rain,10,8,premium,32,7,0
D100382,25.4,7,clear,5,3,standard,75,7,0
D100556,14.2,3,storm,4,6,standard,55,1,0
D101115,12.3,1,rain,6,8,standard,54,2,0
D101222,7.9,9,clear,19,8,standard,44,14,0
D100479,29.0,5,clear,3,7,standard,89,10,0
D101359,5.3,1,clear,1,8,standard,39,5,0
D101368,9.6,1,clear,9,8,standard,48,14,0
D100960,6.9,1,clear,15,7,standard,41,4,0
D100757,8.1,3,rain,4,1,standard,34,13,0
D101995,5.6,0,clear,10,5,premium,35,14,0
D101018,8.8,0,clear,2,1,standard,36,0,0
D100795,12.2,5,clear,20,6,standard,51,11,0
D100888,14.6,9,rain,3,6,standard,56,56,1
D101008,3.8,7,clear,2,1,standard,25,7,0
D101630,24.1,5,clear,8,3,standard,73,8,0
D101521,13.4,5,clear,8,5,standard,52,5,0
D100318,4.5,7,rain,8,8,standard,37,9,0
D100849,14.9,1,rain,7,7,standard,58,1,0
D101297,4.5,3,clear,23,5,standard,32,11,0
D101467,21.4,10,clear,22,7,standard,73,33,1
D100033,7.3,0,rain,0,1,standard,33,8,0
D100111,,10,clear,6,8,standard,59,3,0
D100557,14.2,1,clear,16,6,standard,55,11,0
D100677,18.8,2,rain,3,8,standard,68,0,0
D100272,5.6,8,rain,2,1,standard,29,13,0
D100610,22.7,9,clear,5,5,standard,72,4,0
D100185,34.3,2,clear,4,1,standard,92,4,0
D101660,11.3,4,rain,9,4,standard,46,13,0
D101319,28.4,2,storm,6,6,standard,86,4,0
D100642,14.6,2,clear,21,7,standard,58,9,0
D101633,3.9,7,storm,7,4,standard,30,6,0
D101174,21.1,1,clear,2,4,standard,67,2,0
D101918,9.1,1,clear,20,7,standard,46,28,1
D100040,10.9,9,clear,13,6,premium,48,0,0
D101421,9.2,3,clear,17,5,standard,43,6,0
D101924,7.3,9,clear,1,5,standard,39,6,0
D101056,15.1,1,clear,5,8,standard,60,5,0
D100920,12.1,9,clear,10,1,standard,43,119,1
D101514,9.1,8,clear,8,5,premium,43,8,0
D100731,12.2,6,rain,6,3,standard,46,8,0
D100897,17.4,4,clear,20,8,standard,65,8,0
D101821,15.4,4,clear,11,7,standard,59,5,0
D101137,11.6,3,rain,1,2,standard,44,9,0
D101796,48.3,0,clear,8,4,standard,127,99,1
D100547,4.7,10,clear,11,4,premium,31,5,0
D101054,19.2,8,clear,14,2,premium,60,20,1
D100952,11.3,1,storm,4,8,standard,52,8,0
D101566,6.6,4,storm,5,8,premium,42,77,1
D100842,2.9,8,clear,6,8,standard,33,14,0
D101479,20.6,9,,19,8,standard,72,3,0
D101843,8.2,3,clear,7,8,premium,45,11,0
D100748,26.4,9,storm,2,4,standard,79,4,0
D100829,9.3,0,rain,17,5,standard,43,2,0
D101590,17.2,1,clear,15,3,standard,57,2,0
D100384,24.7,9,clear,17,3,standard,74,7,0
D101792,9.6,6,clear,3,4,standard,42,7,0
D100442,10.0,5,clear,16,4,standard,43,7,0
D101773,12.8,6,clear,12,5,standard,51,2,0
D100386,16.6,9,clear,10,6,standard,61,13,0
D100089,8.7,6,clear,22,3,standard,39,10,0
D101082,24.0,5,clear,13,7,premium,78,6,0
D100307,13.8,9,clear,6,2,standard,48,5,0
D100286,9.4,0,rain,6,2,standard,39,4,0
D100953,10.9,10,clear,12,8,standard,51,102,1
D100146,13.1,9,,15,3,premium,48,10,0
D101945,10.8,2,clear,15,5,standard,46,4,0
D101309,14.5,9,clear,6,2,premium,50,12,0
D100600,9.4,2,clear,17,3,standard,40,3,0
D101530,14.8,9,clear,16,7,standard,58,11,0
D100739,8.3,5,clear,4,3,premium,38,12,0
D101484,4.8,6,clear,1,8,standard,38,2,0
D101237,11.9,10,clear,22,2,standard,44,10,0
D100183,3.9,2,rain,19,4,standard,30,10,0
D100403,4.7,3,clear,21,4,standard,31,2,0
D101599,6.9,4,clear,3,7,standard,41,3,0
D100058,13.0,0,rain,3,6,premium,53,13,0
D100511,6.1,3,clear,2,1,standard,30,13,0
D100441,9.1,5,rain,16,3,standard,40,12,0
D101556,13.2,6,rain,22,5,standard,52,5,0
D100541,10.3,0,clear,1,1,standard,39,3,0
D101953,12.9,10,clear,6,4,standard,49,5,0
D101335,17.9,10,clear,7,1,standard,56,91,1
D100508,7.6,5,storm,1,2,premium,35,1,0
D100558,10.9,5,storm,14,8,standard,51,3,0
D101736,11.1,9,clear,15,5,premium,47,2,0
D100477,34.4,0,clear,13,6,standard,100,4,0
D101829,12.0,4,clear,19,8,standard,53,12,0
D101982,5.8,6,rain,0,7,premium,38,13,0
D101970,7.8,1,storm,19,5,standard,40,11,0
D100462,13.8,9,rain,5,2,standard,48,13,0
D100734,22.9,8,clear,22,6,standard,74,6,0
D100882,8.8,0,storm,6,1,premium,36,2,0
D100930,11.0,8,rain,7,3,standard,44,61,1
D100984,5.6,3,clear,18,4,standard,33,2,0
D101039,20.0,9,rain,5,1,standard,60,61,1
D100615,21.4,8,rain,6,8,standard,74,73,1
D100436,18.4,8,clear,0,6,standard,64,6,0
D101264,5.0,6,clear,8,4,standard,32,2,0
D100645,4.8,6,clear,23,3,standard,30,0,0
D100194,4.7,1,rain,17,2,premium,28,11,0
D101218,20.4,7,clear,18,4,standard,66,10,0
D100522,18.5,5,clear,21,4,standard,62,10,0
D101636,16.7,9,rain,18,7,premium,62,13,0
D101101,6.0,3,storm,17,3,standard,33,94,1
D100847,15.8,3,clear,2,7,standard,60,8,0
D101618,3.8,4,clear,19,5,standard,31,12,0
D100826,4.7,1,storm,5,5,standard,33,14,0
D100732,7.6,2,clear,19,4,standard,38,12,0
D100582,12.0,2,storm,17,8,standard,53,5,0
D100577,7.0,1,clear,2,7,standard,41,10,0
D100387,23.6,2,,10,1,premium,68,5,0
D100977,10.7,6,rain,22,1,premium,40,12,0
D100649,10.4,6,clear,7,2,standard,41,11,0
D101387,12.0,2,clear,20,6,standard,50,7,0
D101998,15.6,10,clear,10,2,standard,52,4,0
D100880,15.2,6,clear,9,2,standard,51,1,0
D101043,15.6,7,rain,5,8,standard,61,10,0
D100265,12.1,4,clear,22,4,standard,48,0,0
D100568,7.4,3,clear,23,6,standard,40,0,0
D101919,3.9,1,rain,17,7,standard,34,14,0
D100457,8.6,7,clear,5,4,premium,40,3,0
D101952,38.8,1,rain,12,5,standard,108,77,1
D101750,9.8,8,clear,14,1,standard,38,1,0
D101723,11.7,5,clear,19,3,standard,45,13,0
D101105,8.3,6,clear,1,1,standard,35,2,0
D100273,12.6,10,clear,5,7,premium,53,9,0
D101680,13.2,6,rain,16,1,standard,46,44,1
D100546,14.1,9,clear,15,5,standard,54,11,0
D100993,11.1,8,clear,11,2,premium,42,14,0
D101097,5.8,8,storm,22,3,standard,32,14,0
D100046,15.9,7,clear,9,4,standard,56,11,0
D100309,11.4,9,clear,15,6,standard,49,2,0
D100258,7.5,7,clear,14,8,premium,44,2,0
D101177,9.4,2,clear,0,2,standard,39,4,0
D100790,14.4,9,rain,8,4,standard,53,84,1
D101079,6.5,8,clear,18,4,premium,35,7,0
D101823,10.0,9,clear,0,6,standard,46,3,0
D101132,11.2,2,clear,22,3,standard,44,7,0
D100188,5.8,9,clear,6,5,standard,35,11,0
D100407,3.9,1,clear,7,4,standard,30,9,0
D100315,17.7,2,clear,11,5,premium,61,0,0
D101412,18.5,7,rain,19,7,premium,66,1,0
D101821,15.4,4,clear,11,7,standard,59,5,0
D100429,17.5,9,rain,1,3,premium,58,11,0
D101850,5.9,0,clear,22,8,standard,40,4,0
D101123,12.1,0,clear,6,6,standard,51,8,0
D101023,26.7,9,clear,17,4,standard,80,12,0
D100192,10.8,2,clear,21,3,premium,43,2,0
D100887,17.0,7,clear,9,2,premium,55,4,0
D101985,11.5,5,storm,9,5,standard,48,8,0
D100778,25.7,0,clear,15,3,premium,76,8,0
D101960,9.0,3,clear,1,7,standard,45,3,0
D100311,11.4,0,clear,8,4,standard,46,13,0
D100809,13.8,9,rain,12,1,standard,47,8,0
D100018,11.0,1,clear,2,6,standard,48,4,0
D101828,6.9,9,clear,5,4,standard,36,13,0
D100798,4.0,4,clear,7,1,premium,25,1,0
D100017,18.5,8,rain,12,6,standard,65,116,1
D101916,10.7,4,clear,1,3,premium,43,6,0
D100954,30.8,4,clear,13,1,standard,84,2,0
D101182,8.9,7,clear,8,1,premium,36,6,0
D101802,4.6,9,clear,2,4,standard,31,2,0
D100721,7.2,10,clear,4,8,standard,43,18,1
D100504,14.8,5,rain,10,8,standard,60,12,0
D101746,8.0,9,clear,9,8,standard,45,2,0
D100654,18.1,2,clear,1,7,standard,65,10,0
D101379,11.0,2,clear,18,1,standard,41,4,0
D101629,11.2,8,clear,17,4,premium,46,6,0
D101055,7.4,0,clear,6,2,standard,34,9,0
D101104,14.4,4,,2,2,standard,50,7,0
D100421,17.8,4,clear,6,8,standard,66,8,0
D101358,12.7,6,storm,16,1,standard,44,2,0
D101277,12.5,3,clear,6,4,standard,48,4,0
D101306,12.4,7,rain,15,4,premium,48,4,0
D100371,22.8,5,rain,22,4,standard,71,7,0
D101668,33.4,10,clear,2,1,premium,90,73,1
D101355,8.3,8,clear,9,4,standard,39,2,0
D101770,12.6,3,storm,5,5,premium,50,2,0
D101578,8.2,5,clear,20,2,standard,36,10,0
D100564,7.3,3,clear,21,1,standard,33,1,0
D100542,2.9,9,clear,7,4,premium,27,13,0
D100825,13.6,0,storm,23,8,standard,57,0,0
D100367,9.7,3,rain,1,1,premium,38,3,0
D101815,10.1,0,storm,17,7,standard,48,0,0
D100991,15.1,5,clear,18,3,standard,53,10,0
D101366,9.6,10,clear,11,5,premium,44,64,1
D100427,19.0,5,clear,18,5,standard,64,2,0
D101180,13.1,10,clear,10,6,premium,53,118,1
D100283,19.1,9,clear,19,4,standard,63,0,0
D100349,15.2,1,clear,3,4,standard,54,0,0
D100304,1.9,4,clear,12,8,standard,31,7,0
D100353,7.6,3,clear,16,7,standard,42,11,0
D101048,16.0,4,clear,0,3,standard,55,6,0
D100417,8.9,7,rain,7,5,standard,42,10,0
D101267,15.2,6,clear,12,8,standard,60,0,0
D101757,6.5,8,clear,15,5,standard,37,14,0
D101315,6.9,8,clear,9,5,premium,38,44,1
D100624,2.3,0,clear,19,8,premium,32,90,1
D100512,,2,clear,9,5,standard,37,2,0
D100109,,7,clear,0,3,standard,34,10,0
D100695,17.0,8,clear,12,5,premium,60,9,0
D100576,12.3,5,clear,4,5,standard,50,6,0
D100729,7.8,6,clear,11,7,premium,43,14,0
D101396,8.9,9,clear,2,2,standard,38,7,0
D100249,23.5,6,storm,20,8,standard,79,76,1
D101984,13.2,7,clear,13,2,standard,47,49,1
D101497,5.9,3,clear,4,8,premium,40,0,0
D101905,15.5,8,clear,12,1,premium,51,1,0
D100160,13.0,5,rain,10,2,standard,47,9,0
D100530,9.4,4,rain,3,3,standard,40,6,0
D101922,12.0,10,clear,7,1,standard,43,2,0
D101895,4.0,4,clear,21,4,standard,30,11,0
D101145,12.9,9,rain,20,1,standard,45,13,0
D101806,8.1,2,clear,2,5,premium,40,4,0
D101072,5.3,0,clear,21,2,standard,30,12,0
D101718,11.4,2,storm,1,5,premium,48,7,0
D101644,24.3,2,storm,0,8,premium,80,11,0
D101040,6.7,5,storm,7,2,premium,33,7,0
D100678,9.7,9,rain,15,6,premium,45,0,0
D101334,15.7,5,clear,1,5,standard,57,11,0
D101211,7.4,9,clear,12,7,standard,42,53,1
D100041,5.9,5,clear,22,4,standard,34,4,0
D100256,10.8,6,rain,17,6,standard,48,13,0
D100212,8.9,8,clear,26,4,standard,41,5,0
D100322,6.8,9,clear,1,8,standard,42,7,0
D101046,10.8,4,clear,1,6,standard,48,9,0
D101443,25.4,7,clear,12,7,standard,81,10,0
D101575,14.9,7,clear,21,3,standard,52,3,0
D100235,6.5,2,rain,5,5,standard,37,4,0
D101706,8.1,4,clear,9,2,standard,36,13,0
D101795,12.3,4,clear,23,7,standard,53,9,0
D100835,11.3,6,clear,16,5,premium,47,10,0
D100874,21.1,0,rain,12,3,standard,66,5,0
D101876,14.4,6,storm,15,2,standard,50,0,0
D100021,4.4,4,clear,5,4,standard,31,71,1
D101719,9.0,3,storm,20,5,standard,42,12,0
D101830,19.5,3,clear,9,4,standard,64,4,0
D101423,14.1,8,rain,9,5,standard,54,79,1
D100510,4.8,6,clear,4,4,premium,32,9,0
D101902,3.1,3,clear,20,1,standard,23,5,0
D101798,14.4,10,clear,19,2,standard,50,25,1
D101142,9.3,0,clear,6,6,standard,44,12,0
D101661,7.1,1,rain,6,2,standard,34,4,0
D100498,9.3,5,clear,5,4,standard,41,10,0
D101990,15.9,5,clear,0,8,standard,62,2,0
D100070,7.3,3,clear,0,5,standard,39,13,0
D100367,9.7,3,rain,1,1,premium,38,3,0
D101130,30.3,9,clear,16,5,standard,89,2,0
D101836,16.9,4,clear,10,7,standard,63,14,0
D101749,11.7,4,clear,6,8,standard,53,13,0
D100020,12.2,10,clear,0,5,standard,49,13,0
D101464,19.1,10,clear,12,1,standard,59,4,0
D101179,16.2,0,clear,15,6,standard,60,14,0
D100612,22.2,10,rain,8,6,standard,73,4,0
D101310,11.3,4,clear,17,4,standard,46,3,0
D101550,11.5,2,rain,5,4,standard,46,0,0
D101862,4.8,5,rain,0,4,standard,32,0,0
D101444,7.7,0,rain,14,4,standard,38,5,0
D101936,23.8,2,clear,1,3,standard,72,4,0
D100961,6.4,4,rain,13,8,standard,41,3,0
D100128,12.0,6,rain,9,5,standard,49,70,1
D101161,15.0,8,clear,6,3,standard,52,59,1
D100402,14.4,4,clear,21,6,standard,56,6,0
D101987,14.2,0,clear,15,3,standard,51,1,0
D101615,21.3,3,storm,17,3,standard,66,8,0
D100940,11.5,9,clear,11,4,standard,46,5,0
D100579,20.1,4,storm,13,3,standard,64,6,0
D101395,7.6,9,storm,1,4,standard,38,107,1
D101872,34.7,1,rain,15,8,premium,103,7,0
D101275,8.2,2,clear,4,7,standard,44,5,0
D100664,18.5,8,storm,23,7,standard,66,2,0
D100453,11.3,7,rain,18,3,standard,44,8,0
D100776,5.8,3,rain,14,1,standard,29,4,0
D101663,6.1,10,clear,10,8,standard,40,5,0
D101854,17.6,10,clear,3,4,premium,60,5,0
D100519,10.1,2,clear,5,6,premium,46,13,0
D100957,11.1,0,rain,0,5,premium,47,14,0
D100177,11.1,3,clear,8,8,standard,51,5,0
D101636,16.7,9,rain,18,7,premium,62,13,0
D101400,7.9,8,clear,14,8,standard,44,3,0
D100802,23.0,7,clear,11,8,standard,78,2,0
D100312,23.1,7,clear,9,4,premium,72,13,0
D100341,11.5,5,clear,14,8,standard,52,9,0
D100102,4.0,2,clear,19,8,standard,36,7,0
D101678,14.6,8,clear,18,1,standard,49,95,1
D100688,17.4,0,clear,3,4,standard,59,6,0
D101369,23.1,6,clear,10,7,standard,76,62,1
D100047,14.1,0,clear,10,6,premium,55,7,0
D101954,8.8,10,clear,19,5,premium,42,8,0
D100496,10.7,8,clear,14,8,standard,51,14,0
D101077,3.4,1,clear,8,2,premium,25,7,0
D100171,24.5,7,clear,9,2,standard,72,26,1
D100827,11.2,5,clear,21,1,standard,41,7,0
D101711,17.0,8,clear,16,2,premium,55,2,0
D100108,4.5,4,rain,7,6,standard,34,9,0
D101435,27.9,0,clear,13,8,standard,88,10,0
D101938,9.8,2,clear,1,4,standard,43,8,0
D100573,16.2,3,storm,9,6,standard,60,4,0
D100447,12.9,7,clear,16,4,standard,49,101,1
D101265,8.6,5,clear,3,4,premium,40,12,0
D101279,10.1,2,clear,23,1,standard,39,13,0
D100405,5.0,4,clear,14,1,standard,28,2,0
D100279,14.7,2,clear,10,5,standard,55,2,0
D100285,8.0,9,rain,23,4,premium,39,14,0
D101133,6.0,0,clear,17,8,standard,40,12,0
D101878,1.9,7,storm,5,2,standard,22,33,1
D101695,4.6,10,rain,0,8,standard,37,9,0
D100837,18.2,6,clear,8,5,standard,63,8,0
D101458,8.5,10,rain,8,3,standard,38,14,0
D101156,10.8,8,clear,7,3,standard,43,2,0
D100996,3.0,10,clear,15,8,standard,34,8,0
D100129,11.9,6,rain,11,8,standard,53,1,0
D100313,24.4,5,clear,19,8,standard,81,13,0
D100666,15.6,9,clear,0,2,standard,52,7,0
D100251,3.5,1,storm,12,1,standard,24,6,0
D101907,8.9,1,clear,9,5,standard,42,8,0
D100846,11.6,7,clear,16,6,standard,50,6,0
D101752,9.5,2,storm,14,3,standard,40,7,0
D101127,12.4,2,clear,21,8,standard,54,8,0
D101900,,9,rain,18,3,standard,78,11,0
D100603,18.6,9,clear,9,4,premium,62,0,0
D100127,20.9,7,rain,7,1,premium,62,6,0
D100644,,2,storm,21,7,standard,36,2,0
D100525,36.9,4,clear,22,6,standard,105,14,0
D100169,10.4,7,clear,16,2,premium,41,14,0
D101408,40.5,6,storm,7,6,premium,113,61,1
D100544,13.2,1,clear,3,7,standard,55,8,0
D101958,6.5,8,clear,17,6,standard,38,13,0
D101776,12.5,9,clear,17,1,standard,44,13,0
D100209,19.5,1,clear,22,2,standard,61,11,0
D100375,9.1,2,rain,16,6,standard,44,7,0
D101296,5.9,6,clear,9,8,standard,40,7,0
D101926,6.3,6,rain,15,2,standard,32,14,0
D100948,11.7,5,clear,15,7,standard,51,0,0
D100200,5.5,6,rain,3,1,premium,29,14,0
D100672,7.7,2,clear,19,7,premium,42,67,1
D100761,9.4,2,rain,10,4,standard,42,4,0
D100377,34.6,3,clear,16,7,standard,102,5,0
D100658,2.1,8,storm,13,4,premium,26,7,0
D100943,5.1,6,clear,14,1,premium,28,14,0
D100743,10.6,0,clear,12,1,standard,40,2,0
D101904,12.0,0,clear,5,4,standard,47,1,0
D100473,11.9,10,clear,1,4,standard,47,6,0
D100432,3.9,7,clear,19,2,standard,27,14,0
D100653,6.8,0,rain,11,8,premium,42,4,0
D101645,15.2,10,rain,19,3,standard,53,0,0
D101316,7.0,10,clear,3,3,standard,35,0,0
D101187,15.4,4,,14,7,standard,59,12,0
D100949,12.5,5,clear,12,1,standard,44,7,0
D101149,10.3,4,clear,19,8,standard,50,7,0
D100067,10.0,1,clear,4,6,standard,46,12,0
D101832,9.9,5,clear,3,1,standard,38,13,0
D101977,13.9,6,clear,0,8,standard,58,3,0
D100419,12.7,2,rain,12,4,standard,49,10,0
D100486,6.2,0,clear,11,3,premium,33,1,0
D101417,13.4,7,clear,4,3,standard,49,8,0
D101256,21.3,6,rain,21,4,premium,68,6,0
D100325,6.7,0,clear,8,7,standard,40,13,0
D101289,27.0,3,clear,4,1,standard,76,6,0
D100553,9.0,1,clear,22,1,standard,36,8,0
D100015,7.2,6,clear,14,7,standard,41,0,0
D100158,7.4,2,clear,16,7,standard,42,0,0
D101664,15.5,3,clear,15,1,standard,51,14,0
D101754,9.1,10,clear,9,7,standard,46,11,0
D101728,22.7,4,clear,2,7,premium,75,9,0
D100193,9.6,7,clear,20,5,standard,44,9,0
D101430,8.0,4,clear,12,5,standard,40,4,0
D101044,32.0,1,clear,15,3,standard,90,14,0
D101544,29.6,10,rain,19,7,standard,91,84,1
D101120,7.6,6,clear,19,2,standard,35,8,0
D101025,,9,clear,9,8,standard,60,82,1
D100707,5.2,5,clear,13,1,standard,28,12,0
D101826,23.9,9,clear,18,1,standard,69,87,1
D100327,13.1,5,rain,10,1,premium,45,13,0
D101389,6.2,10,rain,10,5,standard,36,3,0
D100099,18.3,4,clear,18,2,premium,58,5,0
D100328,8.0,8,clear,16,6,standard,42,0,0
D100891,19.0,9,clear,7,3,standard,61,54,1
D101971,3.0,7,clear,16,2,premium,25,0,0
D100595,18.9,3,clear,12,1,standard,58,5,0
D101638,19.9,8,clear,17,3,standard,63,7,0
D101674,5.6,6,clear,22,4,standard,33,13,0
D100824,13.1,8,clear,22,5,standard,51,14,0
D101455,7.7,8,clear,23,2,standard,35,4,0
D101416,8.1,1,clear,16,2,standard,36,5,0
D101405,10.7,2,clear,7,8,standard,51,4,0
D101939,9.8,9,storm,23,4,standard,43,4,0
D100727,12.8,10,clear,23,6,standard,52,55,1
D101685,14.8,0,rain,12,1,standard,49,12,0
D101491,5.5,0,clear,1,8,premium,39,2,0
D101555,7.7,3,rain,21,4,standard,38,8,0
D101220,13.8,7,rain,0,2,standard,48,0,0
D100549,5.6,8,rain,13,2,standard,30,0,0
D101789,10.0,2,rain,16,3,standard,42,10,0
D101259,15.5,7,rain,0,7,standard,60,2,0
D101078,10.1,8,rain,10,3,standard,42,11,0
D101934,16.2,5,clear,2,1,standard,52,8,0
D100182,17.0,1,rain,23,3,standard,57,11,0
D100374,9.9,1,clear,12,7,standard,47,14,0
D101543,29.8,0,clear,23,7,standard,91,3,0
D101352,13.6,9,clear,9,8,standard,57,14,0
D101436,18.5,5,rain,16,7,premium,66,12,0
D101848,8.0,2,clear,0,2,standard,36,14,0
D100684,16.3,5,clear,15,5,standard,58,11,0
D101755,13.7,2,clear,21,5,standard,53,11,0
D101589,11.5,3,rain,13,6,standard,49,1,0
D101893,7.5,1,clear,3,5,standard,39,9,0
D100172,6.6,2,rain,3,3,standard,34,6,0
D101037,25.4,10,clear,10,6,standard,80,9,0
D101125,6.2,0,clear,12,2,premium,32,0,0
D100330,30.8,1,clear,13,8,standard,95,6,0
D100487,10.2,4,clear,4,4,standard,43,4,0
D100980,23.9,10,clear,9,8,premium,80,12,0
D101336,8.0,4,clear,22,4,standard,39,1,0
D101403,4.7,6,rain,15,8,standard,37,12,0
D100708,26.3,5,clear,3,2,standard,76,5,0
D101653,11.5,7,clear,9,3,standard,45,11,0
D100593,13.2,7,clear,6,8,standard,56,0,0
D100744,6.8,7,clear,23,2,standard,33,4,0
D100469,14.5,9,clear,7,7,premium,57,8,0
D101762,14.5,2,clear,9,3,standard,51,7,0
D100923,19.8,10,clear,23,1,standard,60,11,0
D101810,8.1,2,clear,9,7,premium,43,5,0
D101898,20.0,1,clear,17,5,standard,66,0,0
D100321,10.2,3,clear,2,2,premium,40,9,0
D100905,9.5,7,rain,1,8,standard,48,7,0
D100990,11.7,5,clear,4,8,standard,53,6,0
D101081,15.2,0,clear,3,3,premium,53,2,0
D101317,39.4,2,clear,0,5,standard,109,74,1
D101342,5.0,4,storm,16,4,standard,32,118,1
D101853,27.6,7,clear,10,3,standard,80,5,0
D100944,13.5,1,clear,0,8,premium,57,6,0
D101880,13.3,10,storm,14,7,standard,55,10,0
D100782,10.9,7,storm,2,8,standard,51,6,0
D100164,13.9,1,storm,18,7,standard,56,8,0
D100460,20.0,3,clear,10,7,standard,70,2,0
D100789,18.0,6,clear,16,2,standard,58,7,0
D100250,9.3,0,clear,11,8,premium,47,9,0
D101641,21.6,3,clear,21,6,standard,72,4,0
D100060,3.2,5,rain,17,3,standard,27,13,0
D100201,17.8,2,clear,17,4,standard,60,14,0
D101397,18.4,1,rain,9,1,premium,57,7,0
D101586,15.6,4,clear,0,4,standard,55,12,0
D100779,6.8,0,rain,23,7,standard,40,0,0
D100399,14.2,2,clear,23,1,standard,48,3,0
D100801,5.4,0,rain,9,1,standard,28,10,0
D101592,16.5,8,clear,10,3,standard,56,3,0
D100813,7.9,3,clear,14,4,standard,38,7,0
D101461,22.5,10,clear,3,6,standard,74,2,0
D101462,10.3,7,storm,13,7,standard,48,8,0
D100028,7.8,5,clear,4,2,standard,35,10,0
D100641,15.9,6,rain,21,7,standard,60,12,0
D100752,5.5,4,clear,16,1,premium,29,11,0
D100221,10.2,0,rain,6,5,standard,45,11,0
D100926,17.1,4,clear,5,6,premium,62,9,0
D100584,15.3,1,,17,3,standard,53,13,0
D100964,5.9,10,rain,9,5,standard,35,61,1
D100036,16.8,4,rain,14,7,standard,62,6,0
D101348,14.3,4,clear,2,7,premium,57,5,0
D101380,7.9,10,rain,16,8,standard,44,14,0
D100451,12.3,5,clear,21,7,standard,53,10,0
D101062,4.7,4,clear,12,3,standard,30,0,0
D101166,15.5,0,clear,21,7,standard,60,6,0
D101899,10.6,7,clear,18,2,standard,41,6,0
D100126,5.7,3,rain,12,4,standard,34,0,0
D101471,7.5,6,storm,19,2,premium,34,95,1
D100347,31.5,9,rain,15,3,standard,89,74,1
D100907,34.0,1,clear,8,2,premium,93,12,0
D101849,18.9,6,clear,8,5,standard,64,6,0
D100932,31.2,4,rain,7,4,premium,90,5,0
D100343,16.9,4,rain,1,1,standard,54,4,0
D100705,9.6,6,rain,12,4,standard,42,1,0
D100903,19.7,9,rain,12,8,standard,70,52,1
D101418,3.2,3,clear,1,5,premium,30,5,0
D100116,4.9,6,clear,12,2,standard,29,6,0
D100104,18.1,7,storm,20,5,standard,62,80,1
D100925,21.5,3,clear,2,6,premium,71,6,0
D101251,15.6,10,rain,12,3,premium,54,6,0
D100379,17.0,8,storm,8,8,standard,64,101,1
D100535,5.8,0,clear,16,1,standard,29,0,0
D100737,8.6,4,clear,10,1,standard,35,8,0
D100550,10.4,0,clear,3,7,standard,48,6,0
D100816,7.1,3,clear,8,7,standard,41,12,0
D100351,27.2,2,clear,20,8,standard,87,11,0
D100293,17.2,6,clear,16,3,standard,57,3,0
D101300,12.6,7,clear,12,6,standard,52,14,0
D101274,18.9,8,storm,4,3,standard,61,5,0
D101194,16.7,10,rain,17,6,premium,61,14,0
D101354,6.4,4,clear,17,4,standard,35,4,0
D100884,6.0,4,clear,1,8,standard,40,4,0
D100091,11.8,8,clear,14,3,premium,45,2,0
D101390,17.0,0,clear,21,3,standard,57,68,1
D100848,7.3,9,storm,4,2,standard,34,48,1
D100023,30.8,0,clear,15,4,standard,89,7,0
D100590,11.6,10,clear,14,6,standard,50,3,0
D100310,30.2,2,rain,19,8,standard,93,0,0
D100203,16.1,7,rain,15,7,premium,61,14,0
D100755,7.9,1,clear,10,4,standard,38,6,0
D100090,9.8,4,clear,1,2,premium,40,9,0
D101683,9.3,8,clear,16,1,standard,37,69,1
D101095,9.6,9,clear,12,6,standard,45,11,0
D100523,7.3,0,clear,23,6,standard,40,12,0
D101014,22.8,0,rain,17,4,standard,71,12,0
D100796,3.2,3,clear,8,3,standard,27,10,0
D101171,10.2,0,clear,5,2,standard,40,11,0
D101111,10.9,8,clear,14,8,standard,51,13,0
D100682,6.4,4,clear,11,1,standard,31,11,0
D101533,8.0,6,storm,0,5,premium,40,72,1
D101488,10.1,3,clear,10,6,premium,46,11,0
D101691,6.7,5,clear,16,7,standard,40,10,0
D101318,17.1,10,rain,21,5,standard,60,13,0
D101410,9.1,0,storm,19,6,standard,44,11,0
D101536,14.7,4,clear,6,2,standard,50,3,0
D101199,9.1,1,clear,16,6,standard,44,10,0
D100969,24.9,9,rain,12,2,standard,73,97,1
D101794,10.7,3,clear,21,4,standard,45,9,0
D101339,8.6,1,rain,17,1,premium,35,1,0
D100915,10.0,5,clear,7,7,standard,48,41,1
D100704,21.7,4,rain,17,3,premium,67,11,0
D101863,6.3,8,clear,13,8,standard,41,4,0
D101551,4.9,5,storm,22,4,standard,32,12,0
D101090,4.2,0,rain,5,8,standard,36,4,0
D101282,14.4,4,clear,14,3,standard,51,7,0
D100597,10.7,7,rain,13,1,standard,40,2,0
D101920,21.5,5,clear,18,8,standard,74,4,0
D101067,25.6,6,storm,23,2,standard,74,28,1
D101370,,6,clear,2,4,premium,47,0,0
D100223,16.1,0,clear,0,7,standard,61,1,0
D101469,3.3,9,clear,20,1,premium,24,10,0
D100213,8.5,9,clear,1,1,standard,35,4,0
D101223,12.1,3,rain,5,2,standard,45,6,0
D100572,12.6,3,clear,18,1,standard,44,2,0
D100086,5.5,5,rain,3,6,premium,36,8,0
D101520,15.3,8,clear,23,6,standard,58,5,0
D100202,3.4,6,clear,19,7,premium,33,9,0
D100077,7.2,1,rain,14,6,premium,40,7,0
D101114,3.4,10,clear,4,7,standard,33,39,1
D100000,11.7,5,clear,23,5,standard,48,1,0
D100388,,1,rain,0,7,premium,64,9,0
D101293,14.2,0,rain,0,5,standard,54,12,0
D100439,6.7,5,clear,6,1,standard,31,7,0
D100062,18.2,2,rain,22,1,standard,57,12,0
D100174,10.4,5,storm,8,4,standard,44,1,0
D101559,17.1,1,clear,22,5,standard,60,5,0
D101489,16.1,1,rain,22,5,standard,58,10,0
D100342,9.5,6,clear,1,1,standard,37,0,0
D101671,14.4,10,clear,19,8,standard,59,2,0
D101951,14.2,3,clear,0,6,standard,55,1,0
D100252,11.5,10,clear,11,4,standard,46,9,0
D100297,15.9,1,clear,6,6,standard,59,4,0
D100545,8.0,9,rain,20,2,standard,36,9,0
D100543,7.6,10,rain,9,4,standard,38,10,0
D101620,15.0,1,rain,2,8,standard,60,9,0
D101697,4.0,10,clear,22,2,standard,27,3,0
D101726,14.0,3,rain,7,7,standard,56,12,0
D101324,7.8,6,storm,3,7,premium,43,12,0
D100490,11.5,9,clear,4,2,standard,43,3,0
D101357,5.6,4,storm,0,8,standard,39,24,1
D101215,30.4,4,rain,1,7,standard,92,12,0
D101557,5.2,10,clear,4,8,premium,38,3,0
D101447,6.8,7,rain,21,6,standard,39,95,1
D101981,6.7,9,clear,10,8,standard,42,12,0
D100394,7.5,0,clear,3,7,standard,42,12,0
D101532,17.9,0,storm,2,6,standard,63,2,0
D101892,9.0,6,clear,8,6,standard,44,12,0
D100788,3.9,8,rain,8,1,standard,25,11,0
D101659,11.6,3,rain,7,1,premium,42,4,0
D101973,11.8,1,clear,12,8,standard,53,3,0
D101889,11.3,8,clear,1,8,premium,52,4,0
D101096,18.5,1,rain,17,3,standard,60,13,0
D101600,16.3,9,rain,20,2,premium,54,117,1
D101398,19.5,8,clear,7,7,standard,68,90,1
D101188,18.3,1,clear,4,6,standard,64,12,0
D101780,13.0,1,clear,14,6,standard,53,14,0
D101399,11.3,9,clear,2,6,standard,49,7,0
D100701,6.4,10,clear,0,2,standard,32,14,0
D100295,9.8,9,clear,5,6,standard,46,13,0
D101827,6.8,1,clear,6,5,standard,37,1,0
D101621,4.7,7,clear,11,7,standard,36,12,0
D100011,12.7,2,clear,22,8,standard,55,3,0
D100640,8.5,4,rain,17,6,standard,43,2,0
D101424,9.7,1,clear,12,3,standard,41,10,0
D101482,5.4,3,clear,21,2,standard,30,2,0
D100281,21.3,3,clear,10,4,standard,68,3,0
D101036,29.2,3,rain,12,1,standard,81,4,0
D100946,17.9,0,clear,22,5,standard,62,5,0
D101534,8.1,0,clear,14,1,standard,34,8,0
D100922,9.8,3,storm,10,8,standard,49,7,0
D100618,10.8,6,storm,5,2,standard,42,12,0
D100148,24.9,3,clear,15,1,standard,71,0,0
D100397,11.3,9,storm,23,8,standard,52,12,0
D101152,11.9,4,storm,16,3,standard,46,1,0
D101089,16.3,4,clear,8,8,standard,63,11,0
D100719,6.6,4,rain,10,2,standard,33,0,0
D101129,6.6,3,clear,16,7,standard,40,6,0
D101098,4.9,3,storm,1,6,premium,35,2,0
D101896,7.7,1,clear,19,4,standard,38,9,0
D101567,14.1,8,clear,22,2,standard,49,1,0
D100555,10.5,3,rain,4,7,standard,49,1,0
D101707,24.4,1,rain,11,7,premium,79,1,0
D101702,19.1,2,storm,1,5,premium,65,1,0
D101144,8.7,4,storm,23,4,standard,40,13,0
D100326,9.5,10,storm,19,8,standard,48,1,0
D101623,9.0,7,rain,23,1,standard,36,6,0
D100667,23.0,2,clear,18,2,standard,69,13,0
D100873,20.7,1,clear,15,4,standard,67,8,0
D100375,9.1,2,rain,16,6,standard,44,7,0
D101176,6.9,5,clear,6,6,premium,39,0,0
D101053,4.9,9,clear,9,3,standard,30,1,0
D100480,3.3,9,clear,5,1,standard,24,10,0
D100986,16.3,7,rain,1,5,standard,58,45,1
D100596,20.9,4,clear,16,7,premium,71,14,0
D101841,17.4,7,clear,15,7,standard,64,9,0
D100720,14.9,2,clear,17,7,standard,58,3,0
D100471,11.5,2,clear,6,4,standard,46,3,0
D100016,7.2,10,clear,0,2,standard,34,14,0
D101143,12.8,4,clear,15,4,standard,49,0,0
D100075,11.7,10,clear,27,2,premium,44,8,0
D100134,11.6,9,rain,20,1,standard,42,76,1
D100001,10.0,2,clear,18,5,standard,44,10,0
D101883,9.2,9,rain,7,8,premium,47,25,1
D100437,17.6,1,clear,16,4,standard,60,10,0
D101791,10.3,7,storm,4,6,standard,47,0,0
D100319,15.2,0,clear,6,7,standard,59,6,0
D101345,16.7,3,clear,12,1,standard,53,5,0
D100931,11.1,7,clear,22,5,standard,47,12,0
D101292,14.4,5,clear,23,4,standard,53,12,0
D100518,6.5,9,clear,5,5,standard,37,5,0
D101885,14.8,6,clear,8,6,premium,57,5,0
D100699,10.5,7,rain,11,5,standard,46,0,0
D100567,16.5,2,clear,4,6,premium,60,10,0
D101947,5.8,2,clear,8,7,standard,38,12,0
D100378,10.2,6,rain,19,6,premium,46,1,0
D101086,10.5,10,clear,21,2,standard,41,14,0
D101181,24.2,5,clear,9,2,standard,71,115,1
D100982,8.7,2,rain,16,7,standard,45,7,0
D101113,7.2,3,clear,7,4,standard,37,2,0
D101204,10.1,1,clear,20,3,standard,42,6,0
D101170,14.6,10,clear,6,7,standard,58,14,0
D100414,17.7,4,clear,1,5,standard,61,8,0
D101257,35.5,2,clear,10,3,standard,98,0,0
D101582,9.9,1,clear,9,3,standard,41,12,0
D101007,20.6,0,clear,2,3,premium,65,1,0
D101868,13.8,6,rain,22,4,standard,51,4,0
D101426,27.3,2,storm,12,3,standard,80,5,0
D100521,3.2,6,clear,5,6,standard,31,11,0
D100717,3.9,2,clear,4,5,premium,31,8,0
D101282,14.4,4,clear,14,3,standard,51,7,0
D101154,20.9,8,clear,8,6,standard,70,9,0
D100870,6.3,0,storm,15,4,standard,35,5,0
D101631,,0,clear,0,3,premium,36,4,0
D101882,18.2,9,clear,12,1,standard,57,64,1
D101682,25.2,3,clear,1,6,standard,79,11,0
D101729,7.2,4,storm,19,8,standard,43,11,0
D100179,12.0,6,clear,21,5,standard,49,4,0
D101805,12.5,7,clear,14,4,standard,48,2,0
D101121,20.2,3,rain,3,8,standard,71,9,0
D101362,3.7,8,storm,3,5,standard,31,4,0
D100863,2.5,0,clear,8,3,premium,25,9,0
D101740,8.5,2,rain,1,4,standard,40,7,0
D101482,5.4,3,clear,21,2,standard,30,2,0
D100345,38.2,4,rain,1,8,standard,111,0,0
D100050,34.1,5,clear,15,2,standard,93,4,0
D101150,9.4,1,clear,16,4,standard,42,3,0
D100968,7.5,2,clear,1,1,standard,33,6,0
D100262,6.6,1,clear,0,1,premium,31,11,0
D100120,12.2,3,clear,14,1,standard,43,0,0
D101492,10.9,8,clear,8,5,standard,46,12,0
D101155,9.3,7,clear,14,2,standard,38,9,0
D100219,8.6,4,rain,13,7,standard,44,13,0
D100267,3.0,3,clear,17,1,standard,23,0,0
D100843,4.8,7,rain,2,2,standard,29,6,0
D100290,14.7,7,clear,14,5,standard,55,2,0
D100692,12.7,5,clear,3,5,standard,50,5,0
D100697,25.8,2,clear,13,8,premium,84,9,0
D101852,13.3,5,clear,21,2,standard,47,12,0
D100716,8.3,0,clear,20,2,standard,36,5,0
D101587,4.8,4,rain,1,2,premium,29,1,0
D100074,9.7,2,clear,5,2,standard,39,3,0
D100574,6.1,9,clear,3,7,standard,39,81,1
D100773,11.0,0,clear,1,3,standard,44,13,0
D101894,7.0,10,clear,2,6,standard,39,8,0
D101694,3.2,10,rain,21,3,standard,27,38,1
D100317,14.0,4,rain,5,7,standard,56,3,0
D100963,18.9,10,clear,17,2,premium,60,34,1
D100654,18.1,2,clear,1,7,standard,65,10,0
D101477,16.1,4,clear,13,3,standard,55,0,0
D101315,6.9,8,clear,9,5,premium,38,44,1
D101206,15.6,8,clear,12,4,standard,55,1,0
D100955,14.9,3,clear,12,3,standard,52,1,0
D101783,24.1,3,clear,21,1,standard,70,10,0
D100901,13.4,2,clear,8,7,standard,55,10,0
D100513,6.1,9,rain,19,8,standard,40,44,1
D100440,15.0,8,clear,3,8,standard,60,8,0
D100621,24.2,8,rain,20,4,standard,74,7,0
D100983,11.9,4,rain,16,1,standard,43,11,0
D101442,4.0,2,clear,3,2,premium,27,5,0
D100205,5.9,2,clear,5,2,standard,31,11,0
D101284,13.3,9,clear,7,3,standard,49,13,0
D100056,6.2,9,rain,19,2,standard,32,61,1
D100500,14.4,8,clear,23,6,standard,56,6,0
D101561,9.8,7,storm,19,1,premium,38,2,0
D101253,2.7,2,clear,10,3,premium,25,2,0
D101698,13.0,1,clear,7,6,standard,53,10,0
D100425,24.2,1,rain,21,4,standard,74,3,0
D100741,19.9,4,rain,20,4,standard,65,3,0
D101605,14.0,3,storm,2,3,standard,50,4,0
D100589,7.2,9,clear,4,8,standard,43,1,0
D100237,9.7,5,clear,5,6,premium,45,8,0
D101684,10.2,1,clear,19,7,standard,48,7,0
D101173,4.7,5,clear,14,8,premium,37,0,0
D101515,7.9,10,clear,11,7,standard,43,12,0
D100175,13.7,8,clear,2,2,standard,48,5,0
D101034,11.8,6,clear,4,5,standard,48,9,0
D101329,33.3,6,clear,15,1,standard,90,10,0
D101937,22.3,7,clear,4,8,standard,76,10,0
D100152,9.6,6,clear,6,3,standard,41,10,0
D101793,,6,clear,23,6,premium,49,14,0
D101840,11.5,7,clear,10,6,standard,49,13,0
D101332,4.2,10,clear,3,1,standard,26,5,0
D100859,16.5,2,clear,6,5,standard,59,3,0
D101714,4.3,6,storm,21,2,standard,27,13,0
D101838,7.1,2,clear,22,4,standard,37,1,0
D101411,7.6,4,clear,22,5,standard,39,2,0
D101205,16.0,4,clear,2,4,standard,56,14,0
D100883,19.8,2,clear,7,1,premium,60,14,0
D101813,5.1,1,clear,7,2,standard,29,4,0
D101761,5.7,5,clear,8,5,premium,35,1,0
D100264,11.6,6,clear,10,7,standard,51,6,0
D100291,12.4,0,clear,10,4,standard,48,6,0
D101742,8.3,10,rain,4,1,standard,35,6,0
D101476,31.4,0,rain,4,4,standard,90,9,0
D101859,11.8,8,clear,7,6,standard,50,5,0
D100022,12.5,4,rain,6,1,standard,44,0,0
D101504,17.6,10,clear,14,2,premium,57,8,0
D100881,,9,clear,6,5,standard,54,6,0
D100338,,2,clear,0,4,standard,42,7,0
D101217,19.8,6,clear,21,2,premium,62,9,0
D100227,3.9,3,clear,18,6,standard,33,4,0
D100107,11.9,9,clear,2,6,premium,50,106,1
D101722,9.4,9,rain,3,1,standard,37,10,0
D101189,9.9,10,clear,16,7,premium,47,4,0
D100857,6.7,10,rain,22,4,standard,36,3,0
D100592,7.0,6,rain,22,7,standard,41,11,0
D100808,6.9,3,storm,8,4,premium,36,1,0
D100030,5.6,5,clear,22,7,standard,38,14,0
D100010,5.3,6,rain,4,5,standard,34,14,0
D100438,12.7,4,clear,6,7,standard,53,7,0
D100971,15.2,6,clear,8,1,standard,50,12,0
D100710,5.8,0,clear,2,8,standard,40,1,0
D101709,9.1,7,rain,14,1,standard,37,3,0
D101255,2.9,9,clear,1,3,standard,26,7,0
D100669,18.5,10,clear,15,3,standard,60,11,0
D100866,10.2,7,clear,1,8,standard,49,1,0
D100275,4.1,0,clear,7,7,standard,35,3,0
D100845,5.0,4,clear,19,6,standard,35,1,0
D100125,23.0,7,clear,17,5,standard,73,14,0
D100257,11.2,8,clear,15,4,standard,46,7,0
D101601,15.1,7,clear,20,7,standard,59,1,0
D101160,12.1,9,clear,10,6,premium,51,1,0
D101028,5.0,3,clear,13,4,standard,32,13,0
D101059,4.4,10,clear,3,3,standard,29,8,0
D100198,14.4,2,clear,5,7,standard,57,2,0
D100628,31.2,8,clear,15,1,standard,85,7,0
D100409,12.3,9,clear,14,6,standard,51,0,0
D101763,14.1,4,clear,10,1,standard,48,12,0
D101198,10.2,5,rain,6,3,premium,42,3,0
D101708,6.7,10,clear,15,8,standard,42,9,0
D101867,8.8,7,clear,5,7,standard,45,4,0
D100839,3.9,4,clear,18,8,premium,36,1,0
D101226,26.7,1,clear,10,6,premium,83,8,0
D100639,14.0,0,rain,1,8,premium,58,10,0
D100631,17.7,8,storm,0,2,standard,57,96,1
D101201,15.9,2,clear,6,8,standard,62,11,0
D100231,7.5,4,clear,3,1,standard,33,6,0
D100412,,4,clear,5,2,standard,103,10,0
D100013,4.5,0,rain,6,1,standard,26,7,0
D100483,14.9,4,storm,0,3,standard,52,4,0
D101959,14.5,5,clear,14,5,premium,54,14,0
D101058,8.4,5,clear,2,8,standard,45,10,0
D100475,13.1,2,rain,1,5,standard,51,0,0
D100656,20.7,1,rain,14,8,standard,73,13,0
D101141,22.5,2,storm,16,5,standard,72,2,0
D100536,21.2,4,rain,3,1,standard,63,7,0
D100967,7.8,4,storm,17,3,standard,37,5,0
D101844,24.1,0,clear,23,4,standard,74,1,0
D100602,6.8,6,rain,23,7,standard,40,13,0
D100163,10.4,6,rain,6,7,standard,48,5,0
D101135,6.1,1,clear,10,1,standard,30,11,0
D100482,17.2,0,clear,17,4,standard,59,1,0
D101244,19.1,4,clear,10,8,standard,69,14,0
D100130,15.7,1,clear,10,2,premium,53,6,0
D101313,13.3,1,clear,9,3,premium,49,7,0
D101063,37.6,6,clear,2,7,premium,108,2,0
D101735,18.5,9,clear,3,1,premium,57,2,0
D101468,9.9,2,clear,18,4,premium,43,0,0
D101944,,2,rain,10,1,standard,36,11,0
D101743,6.7,6,rain,2,3,premium,34,12,0
D100072,10.7,1,clear,14,1,standard,40,7,0
D100514,5.0,9,clear,12,1,standard,28,11,0
D100012,11.4,4,clear,23,2,standard,43,0,0
D101341,6.4,7,clear,13,7,premium,40,2,0
D101603,14.1,4,clear,0,6,standard,55,1,0
D100208,4.1,0,clear,11,1,standard,26,10,0
D100303,11.6,8,clear,22,6,standard,50,10,0
D100620,9.5,10,storm,0,6,standard,45,54,1
D101676,13.6,6,clear,0,5,standard,52,0,0
D101748,13.9,9,clear,11,3,standard,50,6,0
D100565,7.6,8,storm,14,4,premium,38,1,0
D100693,16.3,9,clear,2,8,standard,63,13,0
D101441,7.5,3,clear,15,8,standard,44,0,0
D101015,5.0,4,clear,0,8,standard,38,5,0
D100340,6.3,8,clear,5,1,standard,30,10,0
D101759,30.2,7,storm,18,7,standard,92,35,1
D101914,7.6,6,clear,17,6,standard,41,11,0
D101766,20.3,3,clear,9,2,standard,63,10,0
D101797,8.5,8,clear,5,7,standard,44,7,0
D100811,7.5,10,clear,17,8,standard,44,14,0
D100042,9.0,8,clear,23,5,standard,42,73,1
D101240,17.0,8,clear,1,8,standard,64,72,1
D100878,12.2,6,storm,4,5,standard,49,8,0
D101481,19.3,8,rain,0,2,standard,60,0,0
D100733,3.4,2,clear,7,1,standard,24,12,0
D100423,16.3,7,rain,6,8,standard,63,12,0
D101999,23.7,4,storm,21,4,standard,73,44,1
D101682,25.2,3,clear,1,6,standard,79,11,0
D100879,17.8,3,clear,18,7,standard,65,3,0
D100585,10.1,4,rain,9,2,premium,40,6,0
D100026,16.8,4,clear,22,3,premium,56,10,0
D100680,5.2,5,clear,9,3,premium,31,12,0
D101238,19.0,0,clear,21,1,premium,58,10,0
D100135,27.3,2,clear,22,8,standard,87,3,0
D100210,20.3,1,rain,23,6,standard,69,9,0
D101929,21.2,5,clear,8,6,standard,71,13,0
D100055,11.2,7,rain,9,8,standard,52,0,0
D100463,21.5,9,clear,2,5,standard,70,6,0
D101801,9.8,2,clear,15,6,premium,46,4,0
D100216,18.5,0,clear,20,2,standard,59,6,0
D101183,26.1,1,clear,10,3,premium,77,7,0
D101064,12.2,2,clear,21,3,standard,46,8,0
D100396,8.0,6,storm,17,3,standard,37,117,1
D101961,7.2,7,clear,17,1,standard,32,8,0
D101665,26.9,1,rain,9,4,standard,80,1,0
D101654,11.1,0,clear,3,5,standard,47,2,0
D101381,10.3,8,clear,12,3,standard,42,11,0
D101875,15.8,9,rain,2,8,standard,62,38,1
D100178,29.1,0,rain,3,5,standard,87,9,0
D101200,7.5,3,storm,20,2,premium,34,83,1
D100740,13.6,0,clear,21,7,premium,55,6,0
D100507,2.7,10,rain,11,8,standard,33,0,0
D101164,9.9,9,clear,12,5,standard,44,113,1
D100300,7.0,4,clear,21,8,premium,42,1,0
D101344,20.0,2,clear,14,4,standard,65,10,0
D101001,8.5,8,rain,16,3,premium,38,3,0
D101213,11.3,2,clear,18,6,premium,49,0,0
D100078,7.9,5,clear,5,6,standard,41,14,0
D100995,40.9,9,clear,20,6,standard,114,109,1
D101449,19.6,4,rain,2,8,standard,70,81,1
D100726,25.7,1,clear,2,3,standard,76,5,0
D100228,6.0,6,clear,22,8,premium,40,8,0
D100818,13.0,2,clear,13,5,standard,51,5,0
D100988,7.1,0,,16,1,standard,32,12,0
D101923,10.7,10,clear,11,8,standard,51,1,0
D100029,8.9,3,clear,23,5,standard,42,14,0
D100561,7.5,10,clear,5,4,standard,38,5,0
D100225,12.0,9,clear,15,6,standard,50,6,0
D101523,31.2,10,clear,2,8,standard,96,9,0
D101227,5.6,1,rain,11,7,standard,38,12,0
D100444,11.5,3,clear,4,5,standard,48,10,0
D100032,21.0,8,clear,3,3,standard,66,0,0
D101508,18.5,9,clear,13,8,standard,68,14,0
D100965,,8,clear,10,4,premium,32,2,0
D100893,7.6,3,rain,5,3,standard,36,62,1
D100668,10.3,0,rain,21,5,premium,45,13,0
D101619,16.5,9,clear,11,6,standard,60,1,0
D101131,21.4,2,clear,12,2,premium,65,2,0
D100958,13.8,10,rain,6,8,premium,57,100,1
D101465,7.8,9,storm,4,8,premium,44,3,0
D100151,15.3,4,rain,15,8,premium,61,14,0
D100959,11.5,9,rain,7,3,standard,45,7,0
D100222,16.0,1,clear,0,1,standard,52,14,0
D101027,6.6,4,clear,6,7,standard,40,14,0
D100702,11.0,2,clear,22,8,standard,51,4,0
D101597,12.1,7,storm,16,7,standard,52,3,0
D101741,14.6,4,storm,12,6,standard,56,11,0
D100854,21.9,4,clear,7,7,premium,74,4,0
D101065,14.1,0,clear,13,7,standard,57,11,0
D100833,12.6,6,rain,8,1,standard,44,14,0
D101246,22.1,1,clear,0,1,standard,65,12,0
D101816,5.4,10,rain,8,1,standard,28,9,0
D100113,6.9,7,clear,12,3,standard,35,1,0
D100048,3.1,2,clear,22,6,premium,31,7,0
D100289,5.4,4,clear,18,8,standard,39,4,0
D101100,19.2,3,clear,13,5,standard,65,9,0
D101021,7.4,6,clear,13,3,standard,36,7,0
D100206,10.6,2,rain,13,4,standard,44,5,0
D101147,8.3,9,clear,18,4,premium,39,7,0
D100973,16.9,7,storm,5,4,premium,58,116,1
D101088,12.7,6,clear,17,5,standard,50,2,0
D101249,32.1,3,clear,18,3,standard,90,12,0
D101190,9.0,1,clear,9,7,standard,45,7,0
D100632,6.7,1,clear,10,7,standard,40,5,0
D100775,9.0,2,clear,12,2,standard,38,12,0
D100889,14.9,9,clear,23,4,standard,54,87,1
D101440,14.5,4,clear,16,3,premium,51,10,0
D100899,11.2,7,clear,3,7,standard,50,11,0
D100832,6.7,0,clear,0,7,premium,40,11,0
D101245,18.5,4,clear,20,6,standard,65,1,0
D100683,15.9,0,rain,3,6,standard,59,7,0
D101837,8.6,6,clear,21,6,standard,43,7,0
D101285,22.7,4,clear,19,3,premium,69,7,0
D100617,16.6,0,rain,16,1,standard,53,6,0
D101241,20.8,0,rain,8,6,standard,70,13,0
D101338,8.0,4,clear,0,1,premium,34,5,0
D100685,3.7,0,rain,14,1,premium,25,0,0
D100869,7.7,0,rain,3,7,standard,42,13,0
D101185,12.8,2,rain,4,5,standard,51,9,0
D100673,5.4,0,clear,16,3,premium,31,12,0
D100749,28.1,10,clear,17,6,standard,86,102,1
D101002,5.0,9,clear,22,4,standard,32,14,0
D101450,9.5,4,storm,2,6,standard,45,14,0
D100408,11.1,1,clear,3,1,standard,41,3,0
D100629,5.5,0,clear,10,2,standard,30,12,0
D101374,13.2,0,clear,13,4,standard,50,4,0
D101992,13.7,9,clear,0,7,premium,56,40,1
D101657,11.7,0,clear,11,3,standard,45,5,0
D101640,8.2,1,clear,13,4,premium,39,11,0
D100646,7.0,6,clear,2,6,standard,39,5,0
D100139,12.2,0,clear,8,2,standard,45,9,0
D101502,12.2,8,rain,23,7,premium,52,14,0
D100913,15.8,10,clear,3,3,premium,54,12,0
D101376,8.6,2,clear,10,1,standard,35,11,0
D100165,5.9,3,storm,3,1,standard,29,0,0
D101474,4.6,8,clear,11,3,standard,30,3,0
D100812,26.8,7,clear,16,8,premium,86,12,0
D100214,9.8,7,rain,15,6,premium,46,2,0
D101463,11.5,2,storm,0,6,standard,49,6,0
D101321,4.9,10,storm,6,6,standard,35,64,1
D100131,6.2,4,clear,19,6,premium,38,1,0
D100314,10.5,2,clear,1,2,premium,41,5,0
D100138,13.4,4,clear,7,2,standard,47,9,0
D101602,,10,clear,15,5,standard,79,7,0
D101738,17.5,8,clear,16,5,standard,61,7,0
D100416,6.5,6,clear,12,1,premium,31,11,0
D101029,15.4,5,clear,19,8,standard,61,26,1
D100038,25.0,0,clear,16,1,standard,72,5,0
D101273,10.9,10,clear,4,3,standard,43,10,0
D101434,13.5,10,clear,11,8,premium,57,2,0
D100053,10.4,1,rain,4,7,standard,48,11,0
D100706,5.4,4,clear,0,1,premium,28,4,0
D100136,8.9,3,clear,19,2,standard,38,3,0
D101842,15.8,5,rain,1,1,standard,51,9,0
D101122,24.3,7,clear,2,7,standard,79,11,0
D100793,9.5,2,clear,2,4,standard,42,4,0
D100035,11.0,7,clear,23,2,standard,42,1,0
D100025,15.9,0,clear,2,2,standard,53,3,0
D100657,16.3,6,rain,12,6,standard,60,2,0
D101402,5.8,1,clear,0,7,premium,38,8,0
D100449,31.1,3,rain,7,8,premium,95,8,0
D100578,10.6,6,clear,20,5,premium,46,11,0
D101529,16.4,3,rain,3,7,standard,62,10,0
D101248,10.4,10,clear,18,4,premium,44,12,0
D101076,15.8,4,clear,7,3,standard,54,4,0
D101401,18.0,7,clear,23,6,standard,64,14,0
D101715,25.0,10,clear,2,7,standard,80,120,1
D101258,10.5,1,clear,9,7,standard,49,3,0
D100302,14.4,6,clear,11,3,premium,51,2,0
D101890,9.8,7,clear,2,4,standard,43,14,0
D101270,14.9,8,clear,19,3,premium,52,7,0
D101969,12.1,1,clear,9,7,standard,52,1,0
D101553,9.1,10,rain,20,5,standard,43,12,0
D101052,6.7,8,clear,14,7,premium,40,4,0
D101593,7.7,2,clear,23,7,premium,42,14,0
D100777,24.6,10,clear,0,3,standard,74,11,0
D101713,26.2,9,clear,5,1,standard,74,5,0
D100244,9.5,10,storm,22,2,standard,39,7,0
D100103,6.3,6,clear,6,4,standard,35,2,0
D100276,13.3,2,rain,14,2,standard,47,14,0
D100393,10.4,4,storm,19,8,premium,50,9,0
D100110,15.3,10,clear,6,2,standard,52,6,0
D100588,13.2,8,clear,13,6,standard,53,114,1
D100159,9.7,3,rain,2,6,standard,45,0,0
D100970,10.9,2,clear,5,2,premium,42,3,0
D100747,10.4,7,clear,21,7,standard,48,10,0
D101572,12.1,5,rain,22,2,standard,45,8,0
D101486,2.6,6,clear,1,6,standard,30,0,0
D101136,10.0,9,clear,16,2,standard,40,11,0
D100660,13.7,10,clear,23,7,standard,56,9,0
D101548,16.9,4,rain,7,8,standard,64,30,1
D100339,6.8,10,clear,4,6,standard,39,12,0
D100329,21.7,9,rain,15,8,standard,75,8,0
D101286,9.8,10,rain,14,6,standard,46,12,0
D100133,5.3,5,clear,21,5,standard,34,13,0
D100637,10.9,0,clear,18,7,standard,49,2,0
D101323,13.2,2,clear,15,1,standard,46,1,0
D100167,25.0,9,clear,27,4,standard,76,11,0
D101861,6.1,1,clear,4,7,standard,39,12,0
D100927,14.5,0,rain,12,8,standard,59,3,0
D100860,13.6,1,clear,1,2,standard,48,14,0
D101178,10.6,1,rain,0,1,premium,40,8,0
D101020,12.3,7,clear,11,2,standard,45,12,0
D101978,24.3,7,clear,0,1,premium,70,0,0
D100024,5.6,0,clear,5,6,standard,36,10,0
D100806,2.7,3,clear,13,8,standard,33,1,0
D101881,27.4,9,clear,19,1,standard,77,63,1
D100443,10.8,7,clear,26,8,standard,51,5,0
D100150,8.0,7,clear,5,6,premium,42,11,0
D101747,9.3,2,rain,7,2,standard,38,0,0
D100094,19.1,8,rain,7,5,standard,65,10,0
D101803,7.6,5,clear,12,4,standard,38,9,0
D100217,11.7,5,clear,2,5,standard,48,0,0
D100381,13.5,1,clear,12,2,standard,48,1,0
D101047,9.6,3,clear,15,7,standard,47,11,0
D100780,22.2,3,clear,19,7,premium,74,13,0
D100900,28.8,8,clear,5,3,standard,83,103,1
D101910,15.6,10,clear,15,2,premium,52,6,0
D100864,7.9,5,clear,18,7,premium,43,1,0
D100292,7.4,6,clear,9,5,standard,39,5,0
D100712,15.1,5,clear,18,6,standard,57,7,0
D101197,5.7,4,clear,23,8,standard,40,3,0
D100100,18.5,4,clear,16,5,standard,63,11,0
D101049,11.3,9,rain,3,2,standard,43,10,0
D101768,5.7,7,rain,19,4,standard,34,1,0
D100783,30.6,5,clear,9,7,premium,93,112,1
D101956,,10,rain,17,5,standard,57,12,0
D100489,6.7,8,clear,21,7,standard,40,8,0
D101271,5.1,0,rain,17,6,standard,35,6,0
D100700,4.0,4,clear,13,8,standard,36,8,0
D101378,5.4,10,clear,20,7,standard,37,13,0
D101731,14.5,1,clear,9,1,standard,48,14,0
D100750,24.7,2,clear,12,8,standard,81,76,1
D100962,9.6,0,clear,22,3,standard,41,14,0
D101622,21.2,3,clear,6,2,standard,65,9,0
D101012,11.7,1,clear,6,2,standard,44,4,0
D100242,17.3,3,clear,13,8,standard,65,9,0
D100168,15.7,2,clear,10,8,standard,62,3,0
D100073,11.8,3,clear,19,1,standard,42,6,0
D100559,17.4,0,clear,10,2,standard,56,13,0
D101957,8.7,4,clear,15,1,premium,36,3,0
D101994,9.7,4,clear,11,8,standard,48,5,0
D101693,12.1,7,rain,5,2,premium,45,5,0
D100118,4.7,6,rain,16,6,premium,34,13,0
D101138,12.5,0,clear,3,5,standard,50,1,0
D100520,11.4,6,clear,12,5,standard,48,13,0
D100713,17.0,0,clear,10,8,standard,64,7,0
D100992,23.4,9,clear,16,4,premium,72,0,0
D100005,15.2,1,rain,12,1,standard,50,1,0
D101499,8.2,9,clear,10,5,standard,41,8,0
D100254,11.2,2,rain,8,7,premium,50,3,0
D101168,15.7,5,storm,20,2,standard,53,5,0
D101093,8.1,7,clear,6,5,premium,40,12,0
D101038,9.5,1,rain,5,8,standard,48,11,0
D101384,23.4,1,clear,17,2,standard,69,3,0
D100383,12.2,10,clear,22,5,standard,49,9,0
D101393,5.4,8,clear,0,5,standard,34,0,0
D101102,10.2,7,clear,3,2,standard,40,0,0
D101503,4.9,1,clear,23,2,standard,29,14,0
D100516,15.8,0,clear,17,4,standard,56,6,0
D100054,15.4,9,clear,10,4,standard,55,8,0
D100467,9.5,4,clear,17,8,standard,48,13,0
D100266,8.1,3,clear,12,1,standard,34,2,0
D101033,3.9,3,clear,1,3,premium,28,0,0
D100583,9.4,0,clear,3,7,premium,46,11,0
D100766,10.9,2,storm,23,8,premium,51,34,1
D101538,11.2,3,clear,18,4,standard,46,6,0
D100537,6.6,0,clear,10,3,standard,34,11,0
D101917,13.1,6,clear,10,6,standard,53,75,1
D100059,8.3,5,clear,2,5,standard,41,9,0
D101527,31.8,10,clear,6,6,standard,94,10,0
D101997,7.2,7,clear,10,2,standard,34,6,0
D100166,6.8,10,clear,2,5,standard,37,80,1
D101686,10.3,7,clear,3,6,standard,47,37,1
D100815,13.6,8,clear,2,3,standard,49,6,0
D100331,13.2,0,clear,22,6,standard,53,11,0
D101725,9.8,10,rain,19,1,premium,38,29,1
D100247,6.1,5,clear,1,4,standard,34,12,0
D100373,11.3,3,storm,3,1,standard,41,2,0
D101606,15.4,8,clear,15,6,standard,58,11,0
D101496,16.1,6,clear,19,2,premium,53,8,0
D100499,7.1,5,rain,17,3,standard,35,11,0
D101611,12.8,9,clear,15,1,standard,45,2,0
D101573,9.7,4,storm,20,1,standard,38,14,0
D100636,23.5,8,rain,8,8,standard,79,7,0
D100616,21.4,0,clear,20,5,standard,70,8,0
D101825,8.5,10,clear,22,8,standard,46,9,0
D101331,,3,clear,21,5,standard,65,3,0
D101564,10.8,9,clear,0,2,standard,42,0,0
D100566,11.4,0,clear,1,7,standard,51,6,0
D101525,6.2,3,rain,19,5,standard,36,0,0
D100234,7.5,1,storm,3,6,premium,40,1,0
D100626,13.0,9,rain,13,5,standard,51,14,0
D101214,10.3,2,clear,20,3,standard,42,13,0
D100430,11.1,8,clear,4,4,standard,45,12,0
D101010,13.7,9,clear,2,4,standard,51,2,0
D101519,20.6,9,clear,9,5,standard,68,6,0
D101814,20.4,4,storm,9,7,standard,70,0,0
D100191,8.9,2,clear,1,6,premium,44,3,0
D101812,18.8,6,clear,23,7,standard,67,8,0
D101175,18.5,6,clear,14,1,standard,57,7,0
D100435,17.9,2,clear,16,8,standard,66,7,0
D100836,6.1,10,rain,10,1,standard,30,13,0
D101672,6.8,5,rain,16,4,premium,36,2,0
D101280,24.8,3,clear,20,8,standard,82,8,0
D101784,17.2,10,rain,19,8,standard,65,7,0
D101186,12.2,9,clear,23,1,standard,43,78,1
D101016,7.9,8,storm,10,6,standard,41,32,1
D100184,7.8,8,rain,8,3,standard,37,54,1
D100687,2.9,1,clear,23,2,standard,24,11,0
D101565,10.1,1,rain,19,1,standard,39,14,0
D100638,18.6,4,clear,5,3,standard,60,2,0
D100569,13.9,9,rain,13,1,standard,47,14,0
D100933,5.3,4,storm,14,5,standard,34,3,0
D101407,11.4,3,clear,14,3,standard,45,14,0
D101169,4.8,3,rain,23,6,premium,35,4,0
D101824,9.9,7,storm,20,6,standard,46,6,0
D101242,12.7,10,clear,12,8,premium,55,8,0
D100533,8.1,4,clear,21,6,standard,42,1,0
D101239,11.8,9,rain,14,2,premium,44,7,0
D101414,5.7,5,clear,20,1,standard,29,9,0
D100881,,9,clear,6,5,standard,54,6,0
D101648,12.3,7,clear,6,4,premium,48,0,0
D100742,18.2,5,storm,0,1,standard,57,99,1
D100196,19.6,6,rain,13,2,standard,61,2,0
D100858,17.6,5,rain,19,1,standard,55,11,0
D100495,9.6,1,clear,1,6,standard,45,6,0
D100591,3.5,1,clear,16,8,standard,35,5,0
D100936,-6.4,9,clear,8,2,standard,32,6,0
D101041,20.1,3,clear,22,1,standard,61,3,0
D100979,7.3,10,clear,17,8,standard,43,6,0
D100380,10.4,4,clear,9,1,standard,39,7,0
D100027,16.6,4,clear,13,2,premium,55,3,0
D101301,8.0,1,clear,20,4,standard,39,9,0
D100395,5.5,7,,1,5,standard,35,14,0
D101252,29.7,2,rain,7,3,standard,85,82,1
D100320,8.9,2,clear,18,6,standard,44,5,0
D100147,10.4,9,clear,13,5,standard,45,13,0
D100797,9.9,5,clear,21,3,standard,41,11,0
D100623,20.2,8,clear,0,8,premium,71,13,0
D100238,11.5,2,rain,4,8,standard,52,4,0
D101009,19.4,6,clear,9,2,standard,61,3,0
D101518,10.8,9,rain,12,6,standard,48,9,0
D100910,21.6,0,clear,6,2,standard,66,3,0
D100895,5.8,5,clear,21,7,premium,38,5,0
D101473,4.0,6,rain,9,1,standard,25,6,0
D101781,10.8,1,clear,0,1,premium,40,9,0
D101361,14.3,0,rain,23,7,premium,57,9,0
D100106,12.0,7,rain,14,2,standard,44,5,0
D100350,8.7,9,clear,13,1,standard,36,13,0
D101547,16.8,6,clear,11,8,standard,64,60,1
D100650,12.9,3,clear,6,3,standard,48,1,0
D100389,7.9,1,clear,13,6,premium,41,45,1
D101004,11.2,8,clear,16,8,premium,52,2,0
D101472,11.2,3,clear,11,1,standard,41,6,0
D101117,5.6,8,clear,7,1,standard,29,9,0
D101283,13.7,10,rain,9,3,standard,50,9,0
D100554,11.3,9,clear,22,5,standard,47,51,1
D101915,15.7,0,clear,23,8,premium,62,12,0
D100170,5.0,6,storm,10,4,standard,32,2,0
D101278,9.0,3,clear,18,6,standard,44,6,0
D101669,11.0,8,clear,18,5,standard,47,6,0
D101626,17.8,7,clear,15,1,standard,56,10,0
D101276,9.8,1,clear,16,1,standard,38,13,0
D100306,27.1,10,clear,3,1,standard,76,11,0
D101571,15.7,0,clear,17,4,standard,56,6,0
D100415,8.8,0,rain,18,3,standard,39,4,0
D101983,6.1,5,clear,8,8,standard,40,6,0
D101730,11.0,0,clear,6,3,premium,44,14,0
D100428,10.7,4,clear,1,3,premium,43,14,0
D100186,7.3,8,clear,1,3,standard,36,2,0
D101005,9.4,0,rain,5,2,standard,39,11,0
D100908,7.2,4,clear,22,2,standard,34,0,0
D100269,9.1,10,storm,15,7,standard,46,12,0
D100867,6.7,7,clear,2,4,standard,36,8,0
D100630,14.7,3,rain,14,1,standard,49,3,0
D100950,10.0,7,,21,2,standard,40,13,0
D100162,31.0,3,clear,13,7,standard,94,8,0
D100413,8.9,7,rain,3,5,standard,42,14,0
D101941,6.5,3,clear,1,2,standard,32,6,0
D100095,10.8,6,clear,19,3,standard,43,1,0
D100098,24.9,4,clear,19,7,premium,80,1,0
D101030,7.9,5,clear,16,2,standard,35,0,0
D100876,4.8,5,clear,17,4,standard,32,4,0
D100817,21.0,2,clear,1,1,standard,63,12,0
D100822,10.6,2,clear,23,5,standard,46,1,0
D100207,8.0,6,clear,9,7,premium,43,5,0
D100974,10.6,4,storm,10,5,standard,46,10,0
D100686,14.6,3,clear,15,5,standard,55,13,0
D100872,3.9,1,clear,17,4,standard,30,9,0
D100245,1.8,3,rain,22,8,standard,31,5,0
D101635,25.4,3,storm,17,5,standard,78,8,0
D100229,11.3,7,rain,7,8,standard,52,5,0
D101288,17.8,6,storm,9,5,standard,62,12,0
D100906,13.9,2,clear,15,3,standard,50,14,0
D101392,15.1,10,,5,3,standard,53,11,0
D100008,,7,clear,23,2,premium,29,8,0
D100896,14.3,3,clear,18,3,standard,51,62,1
D101886,14.2,10,clear,13,6,standard,55,0,0
D101869,5.9,4,clear,4,7,standard,38,6,0
D101925,6.4,0,clear,11,5,standard,37,6,0
D100865,3.6,6,clear,1,4,standard,29,2,0
D101427,11.7,2,rain,11,7,standard,51,7,0
D101737,3.6,8,rain,14,2,premium,26,5,0
D100791,16.7,6,clear,5,1,standard,53,3,0
D101022,8.4,10,clear,18,2,standard,36,8,0
D101634,16.2,2,clear,5,8,standard,63,5,0
D100189,5.8,2,clear,1,6,standard,37,4,0
D101356,6.0,8,rain,20,3,standard,33,7,0
D101327,15.3,3,clear,18,3,standard,53,4,0
D100260,11.0,4,clear,9,3,standard,44,6,0
D100144,19.3,5,rain,8,2,standard,60,1,0
D100828,2.9,2,clear,12,7,standard,32,1,0
D101651,10.2,1,clear,11,6,standard,46,4,0
D100698,11.5,0,clear,23,6,standard,49,5,0
D101307,5.9,0,clear,10,3,standard,32,8,0
D100919,14.2,10,clear,16,8,standard,58,41,1
D101877,9.4,10,clear,19,8,standard,48,6,0
D100937,16.7,5,clear,12,5,standard,59,11,0
D101035,6.3,5,clear,8,6,standard,38,1,0
D101835,,10,clear,17,4,standard,92,4,0
D100890,8.5,1,rain,17,4,standard,40,12,0
D100594,18.7,5,rain,14,5,standard,64,0,0
D100531,4.4,4,rain,10,3,standard,29,14,0
D100894,4.9,3,clear,10,1,standard,27,10,0
D101979,10.2,1,clear,7,6,standard,46,7,0
D101493,4.7,1,clear,23,2,standard,28,1,0
D101151,13.0,1,clear,1,1,standard,45,4,0
D101446,10.3,2,clear,2,7,premium,48,12,0
D100057,7.0,5,clear,2,6,standard,39,0,0
D101057,13.7,10,rain,15,3,standard,50,105,1
D101261,3.7,4,rain,18,3,standard,28,16,1
D101470,5.6,2,rain,20,2,standard,30,12,0
D100282,13.3,6,clear,4,7,standard,55,0,0
D101610,11.8,9,rain,0,8,standard,53,14,0
D100934,9.7,10,clear,12,6,standard,45,20,1
D100362,3.7,2,clear,22,5,standard,31,0,0
D100243,6.5,0,clear,5,5,standard,37,0,0
D101627,6.6,2,rain,21,7,standard,40,13,0
D100092,16.8,7,storm,13,2,premium,55,25,1
D101234,11.2,4,clear,2,1,standard,41,8,0
D100337,13.1,2,rain,8,2,standard,47,6,0
D101013,4.5,9,clear,11,3,standard,29,0,0
D101700,3.7,10,rain,12,4,premium,29,58,1
D101692,10.3,9,clear,22,1,standard,39,0,0
D101325,16.6,9,clear,16,4,standard,58,101,1
D100947,11.3,4,clear,18,1,standard,41,0,0
D101109,34.5,8,clear,14,2,standard,94,4,0
D100190,20.2,8,rain,17,2,standard,62,85,1
D100039,9.8,4,clear,13,2,standard,40,8,0
D101524,12.1,0,clear,2,7,standard,52,10,0
D101647,5.9,3,clear,14,8,standard,40,12,0
D100975,10.1,9,rain,19,2,standard,40,1,0
D101531,12.9,4,clear,2,1,premium,45,10,0
D100634,14.0,7,rain,18,4,standard,52,4,0
D100764,45.5,3,rain,13,2,standard,118,14,0
D101540,8.7,1,rain,3,7,standard,45,7,0
D100723,18.3,3,rain,8,6,standard,64,6,0
D101128,6.4,10,clear,12,3,standard,34,8,0
D100063,17.4,1,rain,12,2,premium,56,13,0
D100233,7.6,9,clear,23,8,standard,44,14,0
D100676,4.6,5,clear,8,1,standard,27,6,0
D100105,3.0,7,rain,18,5,standard,29,7,0
D101365,5.0,10,clear,18,8,standard,38,0,0
D100753,27.0,3,clear,23,1,standard,76,2,0
D101955,,2,clear,8,3,standard,62,10,0
D100902,23.8,0,clear,2,8,premium,79,4,0
D100253,11.1,5,clear,0,5,standard,47,11,0
D101432,16.8,6,clear,16,7,standard,62,14,0
D100422,11.2,7,clear,7,7,standard,50,69,1
D100774,11.6,0,clear,15,4,standard,47,8,0
D101232,4.7,8,clear,18,7,standard,36,33,1
D100858,17.6,5,rain,19,1,standard,55,11,0
D101428,19.9,10,clear,2,2,standard,62,14,0
D100924,20.8,10,storm,17,8,standard,73,107,1
D100079,14.0,5,clear,6,3,standard,50,13,0
D100989,16.5,7,clear,0,6,premium,60,105,1
D101106,18.5,3,rain,6,8,standard,68,5,0
D100497,6.8,8,clear,1,2,standard,33,12,0
D101948,6.3,4,storm,18,2,standard,32,27,1
D101607,7.0,1,rain,7,4,standard,36,83,1
D101382,11.9,1,rain,19,1,standard,43,57,1
D100087,8.7,0,clear,13,4,standard,40,2,0
D100064,17.6,10,clear,5,4,standard,60,10,0
D101294,7.2,3,clear,3,3,standard,35,12,0
D100605,7.1,3,storm,5,5,standard,38,2,0
D100274,9.0,9,rain,18,6,standard,44,81,1
D101813,5.1,1,clear,7,2,standard,29,4,0
D101679,6.0,5,rain,20,3,premium,33,2,0
D101811,7.0,8,clear,18,7,standard,41,5,0
D101921,21.5,5,rain,16,1,standard,64,13,0
D100153,11.2,0,clear,10,1,standard,41,11,0
D100613,7.8,1,rain,11,6,standard,41,6,0
D101799,17.5,6,clear,3,7,standard,64,4,0
D100410,15.7,1,,17,4,standard,56,10,0
D100830,10.1,0,clear,9,8,premium,49,0,0
D101733,23.1,9,rain,8,7,standard,76,119,1
D100912,11.8,6,clear,15,8,standard,53,10,0
D100517,13.0,9,rain,16,1,premium,45,1,0
D100044,16.7,0,clear,14,2,premium,55,13,0
D101649,9.3,1,rain,19,1,standard,37,13,0
D100390,9.4,8,storm,20,6,standard,45,74,1
D100220,7.3,6,clear,12,5,premium,39,2,0
D100140,10.0,7,clear,13,2,premium,40,8,0
D101373,14.2,9,clear,8,7,standard,57,8,0
D100357,7.5,9,clear,22,8,standard,44,12,0
D100722,17.3,1,clear,23,1,standard,55,9,0
D101157,8.3,4,rain,14,5,premium,41,6,0
D100261,10.5,4,rain,5,7,standard,49,1,0
D101302,19.6,3,clear,1,1,premium,60,14,0
D100898,6.1,8,rain,11,7,standard,39,11,0
D101103,29.9,3,rain,12,2,standard,84,10,0
D100195,10.5,2,clear,0,8,standard,50,12,0
D100115,14.0,2,rain,15,2,premium,49,8,0
D101075,15.2,3,clear,3,5,standard,56,7,0
D101073,16.2,9,clear,13,4,standard,57,10,0
D100718,4.8,10,rain,5,1,standard,27,1,0
D101404,10.8,7,clear,19,5,standard,46,6,0
D101963,22.9,10,clear,20,3,standard,70,1,0
D101208,14.3,1,storm,9,6,standard,55,56,1
D101809,9.1,5,storm,22,1,premium,37,1,0
D100358,8.2,9,rain,9,7,standard,44,24,1
D101060,12.7,1,clear,11,6,standard,52,7,0
D101019,12.6,2,rain,16,8,standard,55,8,0
D101363,15.8,4,clear,2,4,standard,56,2,0
D101860,6.2,3,clear,2,5,standard,36,1,0
D101000,6.8,3,clear,18,6,standard,39,13,0
D100935,13.1,9,storm,20,5,standard,51,99,1
D100754,17.5,8,clear,15,2,premium,56,3,0
D100420,3.8,10,clear,9,7,premium,34,118,1
D100149,11.3,5,rain,10,2,standard,43,9,0
D100009,3.6,6,clear,14,2,standard,26,2,0
D101069,17.0,7,clear,18,5,standard,60,71,1
D101119,32.1,7,clear,0,7,standard,96,89,1
D101931,14.4,10,clear,17,2,standard,50,12,0
D100534,29.1,5,clear,16,3,standard,84,13,0
D100548,37.9,4,clear,11,2,standard,101,9,0
D101584,14.6,1,clear,14,5,standard,55,4,0
D100298,13.8,4,clear,3,7,standard,56,78,1
D100976,16.1,1,rain,19,5,premium,58,9,0
D101314,32.4,1,clear,1,6,standard,95,2,0
D101439,11.3,8,rain,0,6,standard,49,3,0
D101337,17.1,9,clear,0,5,standard,60,14,0
D101445,25.4,4,rain,8,6,standard,80,5,0
D101681,12.3,9,clear,4,2,standard,45,7,0
D100122,2.8,7,storm,1,3,standard,26,12,0
D101864,4.3,6,rain,10,1,premium,26,11,0
D101372,8.8,4,clear,10,1,standard,36,4,0
D101385,12.4,7,rain,19,2,standard,45,9,0
D101360,7.3,8,clear,7,3,standard,36,12,0
D101159,19.2,6,clear,14,3,premium,62,12,0
D101873,,10,clear,6,5,standard,61,95,1
D100709,13.2,3,clear,16,7,premium,55,5,0
D101846,19.2,0,clear,5,6,standard,66,14,0
D100769,9.1,4,clear,23,4,premium,41,10,0
D101675,12.4,1,rain,8,8,standard,54,7,0
D101391,6.1,1,clear,8,2,standard,31,8,0
D100088,11.4,3,clear,18,2,standard,43,10,0
D101933,7.3,9,clear,10,4,standard,37,6,0
D101643,10.9,7,clear,18,8,standard,51,1,0
D101032,5.6,4,rain,15,1,standard,29,5,0
D100097,18.9,4,clear,3,2,standard,60,10,0
D100674,4.2,4,clear,9,2,standard,27,10,0
D100348,9.4,8,clear,14,8,standard,48,10,0
D100509,10.3,0,clear,14,5,standard,45,1,0
D100211,6.2,5,rain,5,8,standard,41,14,0
D100703,22.6,1,clear,16,5,standard,72,14,0
D100746,17.3,8,clear,14,2,standard,56,10,0
D101045,2.8,10,clear,2,6,premium,30,5,0
D101506,8.8,5,clear,22,1,standard,36,12,0
D101996,20.3,10,clear,5,7,premium,70,30,1
D100939,13.8,7,clear,5,6,standard,54,8,0
D101429,15.6,4,storm,19,1,premium,51,77,1
D101808,9.6,1,rain,20,2,standard,39,13,0
D101946,18.1,10,clear,8,3,standard,59,9,0
D101264,5.0,6,clear,8,4,standard,32,2,0
D101871,11.7,0,rain,16,7,standard,51,2,0
D100478,17.9,6,clear,10,8,standard,66,4,0
D101614,11.6,7,clear,23,3,standard,45,44,1
D100491,10.7,1,clear,18,1,standard,40,14,0
D100841,8.6,9,clear,17,8,premium,46,13,0
D101070,7.7,1,clear,2,6,standard,41,9,0
D100364,12.2,4,clear,6,1,standard,43,6,0
D100296,6.4,1,clear,11,2,standard,32,2,0
D100049,6.8,9,clear,17,1,standard,31,6,0
D101511,5.6,8,rain,23,1,premium,29,8,0
D100224,6.0,10,clear,20,6,standard,37,11,0
D101774,9.1,9,clear,3,7,standard,46,14,0
D101243,15.4,5,rain,1,8,standard,61,14,0
D101974,7.2,9,rain,22,2,standard,34,13,0
D100850,22.0,2,clear,13,3,standard,68,2,0
D101785,11.6,10,clear,1,2,standard,44,7,0
D101457,11.4,6,clear,18,4,standard,46,9,0
D100647,16.0,5,clear,7,2,standard,53,11,0
D101225,18.4,8,rain,0,2,standard,58,3,0
D100562,7.8,9,clear,21,5,standard,40,9,0
D100622,13.2,6,clear,3,7,standard,55,0,0
D101926,6.3,6,rain,15,2,standard,32,14,0
D101087,10.0,8,rain,22,1,standard,38,6,0
D100804,9.3,2,clear,21,3,premium,40,4,0
D100604,11.2,0,storm,4,5,standard,47,0,0
D101269,6.6,0,storm,4,3,premium,34,78,1
D100442,10.0,5,clear,16,4,standard,43,7,0
D101901,23.6,6,clear,5,1,premium,68,114,1
D101598,28.8,6,clear,3,5,standard,86,10,0
D101024,17.8,1,rain,2,5,standard,62,2,0
D100539,10.0,8,clear,16,2,standard,40,8,0
D100767,5.5,9,clear,4,7,standard,38,1,0
D100762,15.8,4,clear,18,1,standard,51,9,0
D100868,34.0,2,clear,5,7,standard,100,1,0
D100689,2.8,7,rain,1,7,standard,32,36,1
D100187,11.3,1,storm,13,2,standard,43,5,0
D100406,12.4,3,rain,0,6,standard,51,4,0
D101011,8.2,3,clear,13,5,premium,41,1,0
D101172,4.7,7,clear,6,7,standard,36,13,0
D100751,17.1,3,rain,0,5,standard,60,5,0
D101855,,6,clear,6,1,standard,33,13,0
D101972,33.5,10,clear,8,4,standard,95,68,1
D101050,15.4,2,clear,6,3,premium,53,1,0
D100461,7.7,1,storm,18,8,standard,44,2,0
D100670,14.4,6,rain,21,7,standard,57,9,0
D100655,17.6,3,clear,6,2,standard,57,14,0
D100785,8.8,3,clear,19,6,standard,43,5,0
D101083,10.1,2,clear,15,7,premium,48,9,0
D100714,17.8,4,clear,4,3,standard,59,9,0
D101350,12.2,0,clear,1,1,premium,43,1,0
D100424,5.7,1,clear,23,4,standard,34,13,0
D101744,14.8,7,rain,4,5,standard,55,11,0
D101501,11.5,0,storm,15,6,standard,49,0,0
D100043,16.5,2,clear,14,8,standard,63,9,0
D100661,4.8,1,clear,7,5,standard,33,4,0
D100635,42.8,8,clear,23,3,standard,114,49,1
D101847,14.4,1,clear,6,4,premium,53,6,0
D100528,7.2,6,clear,14,7,standard,41,5,0
D101760,15.0,5,clear,23,1,standard,50,1,0
D100987,9.6,4,clear,22,4,standard,42,7,0
D101507,,4,rain,21,5,standard,74,0,0
D100218,6.5,2,storm,12,1,standard,31,4,0
D101765,6.5,2,rain,6,5,standard,37,12,0
D100820,33.1,10,rain,14,4,premium,94,6,0
D100631,17.7,8,storm,0,2,standard,57,96,1
D101960,9.0,3,clear,1,7,standard,45,3,0
D100855,11.0,0,clear,20,5,premium,47,4,0
D101498,7.3,3,clear,3,4,premium,37,0,0
D100609,4.7,1,clear,23,7,standard,36,9,0
D100485,2.7,9,clear,7,6,standard,30,13,0
D101149,10.3,4,clear,19,8,standard,50,7,0
D101017,17.9,8,rain,3,2,premium,57,7,0
D101988,20.3,7,clear,5,7,standard,70,12,0
D101085,8.5,2,clear,7,2,standard,37,0,0
D100081,8.0,5,clear,11,8,standard,45,7,0
D101704,14.1,8,rain,9,8,standard,58,9,0
D100324,16.7,3,clear,2,8,premium,64,11,0
D101409,7.1,2,clear,4,6,premium,40,13,0
D101490,9.8,2,clear,20,7,standard,47,2,0
D101080,9.4,3,clear,20,7,standard,46,11,0
D100019,12.1,1,storm,22,6,standard,51,4,0
D100454,12.9,1,clear,19,8,standard,55,8,0
D101110,19.8,7,clear,11,5,standard,66,6,0
D100838,17.6,4,rain,2,8,standard,66,3,0
D100758,12.7,8,clear,15,3,standard,47,14,0
D101673,16.6,8,clear,20,4,standard,58,6,0
D101340,,10,rain,9,3,premium,37,14,0
D100034,3.2,0,clear,0,4,standard,28,0,0
D100808,6.9,3,storm,8,4,premium,36,1,0
D101162,13.3,7,storm,17,5,standard,52,0,0
D101790,19.7,6,clear,20,5,standard,66,14,0
D101612,22.3,7,clear,1,4,standard,70,5,0
D100904,20.8,6,clear,0,8,standard,73,2,0
D101522,8.3,7,clear,13,5,standard,41,13,0
D101562,22.6,3,clear,2,7,standard,75,4,0
D100800,5.7,10,rain,3,6,standard,37,71,1
D101579,12.5,10,rain,1,3,standard,47,6,0
D100096,17.6,6,clear,10,1,standard,55,7,0
D101107,14.6,6,clear,14,8,standard,59,9,0
D100446,16.6,7,clear,7,6,standard,61,10,0
D100474,9.1,9,clear,3,4,premium,41,7,0
D101788,12.7,5,clear,1,5,standard,50,7,0
D100366,13.7,6,clear,4,4,standard,51,7,0
D101897,14.3,5,rain,15,3,premium,51,2,0
D101721,6.6,2,clear,4,7,standard,40,12,0
D101609,13.5,2,rain,0,4,standard,51,8,0
D101909,3.6,3,clear,4,3,standard,27,14,0
D101967,5.1,9,clear,13,8,standard,38,12,0
D100760,21.4,7,clear,5,3,standard,67,4,0
D100918,5.0,8,clear,5,7,premium,36,14,0
D101425,13.9,10,rain,1,3,standard,50,9,0
D100759,4.7,3,clear,21,4,standard,31,8,0
D100392,,10,clear,23,3,standard,50,3,0
D101968,3.7,9,clear,3,8,premium,35,9,0
D101769,12.3,5,rain,9,6,standard,51,8,0
D101295,9.2,0,rain,19,6,standard,44,1,0
D100506,3.7,10,rain,14,4,premium,29,4,0
D101517,5.7,3,clear,0,3,standard,32,64,1
D100434,22.8,0,clear,2,7,standard,76,12,0
D100648,19.7,0,clear,1,6,standard,67,1,0
D100942,15.6,5,clear,5,1,standard,51,12,0
D101831,4.8,4,storm,14,5,premium,33,7,0
D101585,26.6,3,rain,11,1,standard,75,8,0
D101231,7.5,2,clear,1,3,premium,36,2,0
D101343,12.1,1,clear,3,5,standard,49,13,0
D101468,9.9,2,clear,18,4,premium,43,0,0
D100132,7.8,3,clear,11,2,standard,35,2,0
D101074,15.0,10,clear,13,2,standard,51,27,1
D100972,10.7,9,rain,20,2,standard,42,47,1
D101262,9.5,1,rain,0,4,premium,42,6,0
D101588,7.0,7,clear,10,8,premium,42,2,0
D101616,5.6,7,clear,5,7,standard,38,0,0
D100450,17.3,8,clear,10,8,premium,65,9,0
D100031,10.4,9,clear,17,3,standard,42,6,0
D100121,21.1,2,clear,23,1,standard,63,10,0
D101235,14.4,0,clear,5,6,standard,56,2,0
D101375,6.3,8,clear,2,1,standard,30,4,0
D101478,-10.5,9,clear,2,1,premium,40,4,0
D101326,14.3,5,clear,0,1,standard,48,3,0
D101732,15.3,6,clear,15,6,standard,58,8,0
D101112,8.3,3,storm,15,5,standard,41,9,0
D101349,7.3,7,storm,14,2,premium,34,1,0
D101347,10.3,0,clear,22,5,standard,45,11,0
D100255,22.5,7,rain,3,6,standard,74,54,1
D100892,2.9,8,clear,3,7,standard,32,8,0
D101594,39.6,3,clear,22,4,standard,108,0,0
D101569,13.9,3,clear,17,4,standard,52,1,0
D101574,6.4,1,clear,0,7,standard,40,5,0
D100359,2.6,5,clear,3,1,standard,22,8,0
D100051,8.1,0,clear,9,6,premium,42,1,0
D100875,10.6,2,clear,20,7,standard,49,6,0
D100938,7.7,8,clear,20,4,standard,38,1,0
D100772,5.3,1,clear,20,7,premium,37,5,0
D101126,9.4,4,storm,17,5,standard,43,28,1
D101219,,1,rain,0,7,standard,55,4,0
D100679,9.6,3,clear,12,1,standard,38,4,0
D100805,13.2,6,clear,6,2,standard,47,0,0
D101652,9.1,8,rain,16,2,standard,38,10,0
D100124,7.8,6,clear,22,4,standard,38,14,0
D100404,10.1,1,clear,0,4,standard,43,14,0
D100730,13.2,2,rain,2,8,standard,56,2,0
D101311,13.6,1,clear,9,1,standard,46,1,0
D100831,14.6,10,clear,9,1,premium,49,86,1
D101071,11.3,8,clear,22,7,premium,50,7,0
D100725,24.8,3,clear,21,6,standard,79,8,0
D100587,2.8,3,rain,20,8,standard,33,10,0
D100607,27.7,3,clear,4,7,standard,86,6,0
D100433,11.8,5,clear,22,2,standard,44,3,0
D100674,4.2,4,clear,9,2,standard,27,10,0
D101287,19.6,3,clear,8,3,standard,63,4,0
D100360,13.4,2,clear,21,2,standard,47,1,0
D101099,38.8,9,rain,12,8,standard,112,14,0
D100466,11.0,10,clear,4,2,standard,42,13,0
D100299,9.5,9,clear,4,4,standard,42,0,0
D101558,10.0,3,rain,22,1,standard,38,7,0
D101608,6.2,6,clear,23,7,standard,39,12,0
D100493,11.8,3,clear,2,7,premium,51,1,0
D100527,9.2,6,clear,17,1,standard,37,9,0
D101192,9.3,2,clear,22,5,standard,43,0,0
